titel,youtube-link,youtube-start
012 Um 18 Uhr Auf Http:gronkhtv,https://www.youtube.com/watch?v=yugtWxDoWNs,28.11.2012
10 Hours Of Walking On The Studiogelände As A Gronkh,https://www.youtube.com/watch?v=yZMD0NAplVw,07.11.2014
10 Hours: Retarded Aunt May,https://www.youtube.com/watch?v=sDR8nMsiGf4,21.09.2014
100 Jahre Lpt: Le Träiler,https://www.youtube.com/watch?v=t4Pjcn9oTc4,28.11.2014
12013 Um 18 Uhr Auf Http:gronkhtv,https://www.youtube.com/watch?v=WelkybtndNI,10.01.2013
170,https://www.youtube.com/watch?v=VFiWu9hwNaA,28.06.2018
191 Folgen Später Bringen Wirs Zu Hwsq 277 Human Fall Flat,https://www.youtube.com/watch?v=wzLL-04X96g,16.02.2019
1H Special Der Unmenschlichkeit Hwsq 102 Cards Against Humanity,https://www.youtube.com/watch?v=o1DcztZ_2nk,12.02.2018
1H Special: Bauchmuskeltraining Durch Lachflash 2 Hwsq 087 Cards Against Humanity,https://www.youtube.com/watch?v=ZE5zdjSGOw4,13.01.2018
1H Special: Bauchmuskeltraining Durch Lachflash Hwsq Stadt Land Fluss,https://www.youtube.com/watch?v=rb0cgKk7E6A,21.09.2017
20 Min Gameplay Assassins Creed Mirage,https://www.youtube.com/watch?v=4Y4s7_hDHEE,13.09.2023
22012 Um 18 Uhr Auf Http:gronkhtv,https://www.youtube.com/watch?v=z6YLf69pJMk,06.12.2012
4X Die Schlachtplatte Dead By Daylight 063 Gronkh,https://www.youtube.com/watch?v=t69spMjuD4E,10.10.2016
60 Seconds!,https://www.youtube.com/watch?v=157KUU5-wxs,08.06.2015
7 Days To Die,https://www.youtube.com/watch?v=nNhk-qGM2QI,13.03.2019
>Observer_,https://www.youtube.com/watch?v=FSGtZMDodLo,29.07.2017
A Bird Story,https://www.youtube.com/watch?v=mgW4UBnxiec,08.11.2014
A Game About Digging A Hole,https://www.youtube.com/watch?v=iqvTOikZ4A0,14.03.2025
A Game About Literally Doing Your Taxes,https://www.youtube.com/watch?v=ucDGYm0xhOc,08.11.2019
A Jugglers Tale,https://www.youtube.com/watch?v=is1k07c9PTo,07.11.2021
A Jugglers Tale 5: Fröhlich Frei Und Spaß Dabei,https://www.youtube.com/watch?v=oeszGhkSBbg,11.11.2021
A Normal Lost Phone,https://www.youtube.com/watch?v=I8LprGLmSwo,02.07.2018
A Plague Tale: Innocence,https://www.youtube.com/watch?v=5KzwyfkyU8E,13.05.2019
A Way Out,https://www.youtube.com/watch?v=RDNZ8pmaRaY,24.03.2018
Ab In Den Süden The Forest,https://www.youtube.com/watch?v=A7guTj3NFuM,26.02.2017
Abenteuer Auf Dem Reiterhof 7,https://www.youtube.com/watch?v=a8NTpfWbjyw,11.11.2011
Abenteuer Auf Dem Reiterhof 7 Gelände,https://www.youtube.com/watch?v=fADzMzUmmSE,05.12.2011
Abgebrochen Nie Bet Was Ist Eigentlich Mit Diesen Spielen,https://www.youtube.com/watch?v=RZqPwAgBdg0,24.01.2025
Abgehobene Influencer Glog,https://www.youtube.com/watch?v=tyiAb2_4llE,22.08.2020
Abzu,https://www.youtube.com/watch?v=atAaogVEZGU,29.08.2016
Adac Die Simulation,https://www.youtube.com/watch?v=BzTKxVuzhEo,15.02.2016
After Humans,https://www.youtube.com/watch?v=ub2FCep828o,19.10.2017
After Humans 6,https://www.youtube.com/watch?v=jqpTJSlXlLE,23.10.2017
After Humans Kies From A Rose,https://www.youtube.com/watch?v=ub2FCep828o,19.10.2017
Age Of Empires Ii Hd Edition,https://www.youtube.com/watch?v=-A8ttDyP9UM,15.04.2013
Age Of Empires Ii Hd Edition Der High Definitionwilliam,https://www.youtube.com/watch?v=-A8ttDyP9UM,15.04.2013
Aggro Topi Rastet Aus Hwsq Witch It,https://www.youtube.com/watch?v=kguMXAmHNUU,08.12.2018
Alan Wake 2,https://www.youtube.com/watch?v=WO8tfEn33cY,30.10.2023
Alarm Für Cobra 11: Das Syndikat Bensemir Auf Ganovenjagd Alarm Für Cobra 11,https://www.youtube.com/watch?v=ou-oemp0iGM,26.12.2010
Albedo Abdul Retter Der Seelen,https://www.youtube.com/watch?v=ttLaaNExeb0,09.11.2019
Albino Lullaby Bitte Augen Zähne Entfernen Live Lpt Albino Lullaby,https://www.youtube.com/watch?v=hNep9oaBvgs,03.11.2015
Alles Auf Anfang Youtube Deutschland,https://www.youtube.com/watch?v=v-D1YHC8Gf0,09.02.2025
Alles Hart Wegrotzen Und Über Granaten Auskotzen Doom: The Dark Ages,https://www.youtube.com/watch?v=3rxC_QYqzOw,03.06.2025
Allods Online,https://www.youtube.com/watch?v=aPqxO9_kijM,09.04.2010
Allods Online Auf Luchsjagd,https://www.youtube.com/watch?v=YyHVb_PFQK0,13.04.2010
Allods Online Erste Testaufnahme,https://www.youtube.com/watch?v=aFs4yz8JRLM,02.04.2010
Aloft,https://www.youtube.com/watch?v=LOjgQBb7Pxw,30.01.2025
Altis Life,https://www.youtube.com/watch?v=ADHo9fy7I4w,16.02.2014
American Theft 80S,https://www.youtube.com/watch?v=kjbG8hdSk1k,09.04.2022
Amnesia The Dark Descent,https://www.youtube.com/watch?v=QZRd3oQxGmI,30.12.2010
Among The Sleep,https://www.youtube.com/watch?v=ZhbXK5qsp6Q,01.06.2014
Among The Sleep Happy Birthday Kleiner Liebling Among The Sleep,https://www.youtube.com/watch?v=ZhbXK5qsp6Q,01.06.2014
Ancestors: The Humankind Odyssey,https://www.youtube.com/watch?v=zwyQINIzsUM,12.04.2019
Andy's Apple Farm,https://www.youtube.com/watch?v=smEm9ZFKkJg,02.02.2022
Anger Foot,https://www.youtube.com/watch?v=gik0ggfJkYo,09.07.2022
Angst Potter Simon The Sorcerer Ist Wieder Da,https://www.youtube.com/watch?v=UGS72Fw1LcU,07.07.2025
Anna's Quest,https://www.youtube.com/watch?v=YGwG_P7Um3Y,16.07.2021
Anno 117: Pax Romana,https://www.youtube.com/watch?v=RqaTv9AH1gU,19.05.2025
Anno 1800,https://www.youtube.com/watch?v=iimz7TGLRGw,01.02.2019
Anthem,https://www.youtube.com/watch?v=jKPlC7T2PZw,20.02.2019
Apartment 666 Gronkh,https://www.youtube.com/watch?v=-2mR5vNl8vI,25.10.2016
Aps Hwsq Ben Ed,https://www.youtube.com/watch?v=UZvM8jAYvQo,15.09.2017
Apsulov: End Of Gods,https://www.youtube.com/watch?v=sEK5vJ6j1tI,07.02.2022
Arcade Paradise,https://www.youtube.com/watch?v=yRsMbDpkQyQ,04.11.2021
Arise: A Simple Story,https://www.youtube.com/watch?v=cwEKXuAh1Gk,14.07.2022
Ark: Survival Evolved,https://www.youtube.com/watch?v=blEWXUwsR-Y,03.06.2015
Arkham Knight,https://www.youtube.com/watch?v=rOmudHdkb9U,25.06.2015
Arrrr Heute Werden Tränen Fließen Hwsq 096 Sea Of Thieves 04,https://www.youtube.com/watch?v=AMCznbackOQ,31.01.2018
Arschgeii: Ben Ed Hwsqoutfits Hwsq Ben Ed: Blood Party,https://www.youtube.com/watch?v=DBJmbexHqY8,17.10.2017
Asemblance,https://www.youtube.com/watch?v=DpaReWq7et8,15.07.2016
Ashi Wash,https://www.youtube.com/watch?v=dM1QtiVCADw,08.05.2018
Aska,https://www.youtube.com/watch?v=CGL21UfmJ94,03.07.2024
Assassins Creed Mirage,https://www.youtube.com/watch?v=I_cdl6fPVU4,09.10.2023
Assassins Creed Odysse,https://www.youtube.com/watch?v=_vyo2i8rxtc,28.08.2018
Assassins Creed Odyssey,https://www.youtube.com/watch?v=-xQX7z7E5dA,27.09.2018
Assassins Creed Odyssey 063,https://www.youtube.com/watch?v=NTW40vWDhpc,29.11.2018
Assassins Creed Odyssey Blutgetränktes Land Der Legn,https://www.youtube.com/watch?v=fVmJ041JwIE,26.09.2018
Assassins Creed Valhalla,https://www.youtube.com/watch?v=tvwHvAuQq1k,12.07.2020
Assassins Creed Valhalla Epilog 2: Excalibur 2Schildkampf Rumtesten Abschied,https://www.youtube.com/watch?v=yHsdm_hamTk,17.04.2021
Assassin’s Creed Shadows,https://www.youtube.com/watch?v=E_3FpiUsGGY,20.03.2025
At Dead Of Night,https://www.youtube.com/watch?v=hcFvZP-8hTw,20.11.2021
Atlantica Online,https://www.youtube.com/watch?v=dt8SdCo4sJQ,20.05.2010
Atlas Fallen: Reign Of Sand,https://www.youtube.com/watch?v=fcuBooPD758,18.08.2023
Atomfall,https://www.youtube.com/watch?v=MUzpNqyna84,23.03.2025
Atomic Heart,https://www.youtube.com/watch?v=4J0EpF43Z38,21.02.2023
Auf Des Totenmanns Kiste Hwsq 095 Sea Of Thieves 03,https://www.youtube.com/watch?v=VHTTBaXIlOs,29.01.2018
Auf Gehts: Drei Freunde Fahren Zum Livestream,https://www.youtube.com/watch?v=4ww_UPoPfao,25.04.2014
Autobahn Police Simulator 2,https://www.youtube.com/watch?v=y0wB7fU5cVQ,24.12.2017
Avatar: Frontiers Of Pandora,https://www.youtube.com/watch?v=fk75UejBvA4,16.12.2023
Avowed,https://www.youtube.com/watch?v=0ehQ4ZjTp7o,14.02.2025
Away: The Survival Series,https://www.youtube.com/watch?v=XdlCILJy6YM,07.01.2022
Awwww Suizidale Kackbabies Hwsq 153 Whos Your Daddy,https://www.youtube.com/watch?v=GBfW_RM-13o,25.05.2018
Azazel's Christmas Fable,https://www.youtube.com/watch?v=yKzu30aDmSY,07.01.2024
Baldur's Gate 3,https://www.youtube.com/watch?v=ctdOWQ0PIjA,07.08.2023
Banished,https://www.youtube.com/watch?v=jM4cj7-A2nU,22.02.2014
Banished Das Einer Reise Banished,https://www.youtube.com/watch?v=fynVsMx7Muc,06.06.2014
Barbi,https://www.youtube.com/watch?v=ZficERyBxq4,08.05.2016
Barbie Dreamhouse Party,https://www.youtube.com/watch?v=7x3zjApqYq4,23.06.2016
Barbie Rettung Der Welpen,https://www.youtube.com/watch?v=XCxZCWjEdn4,10.05.2016
Barotrauma,https://www.youtube.com/watch?v=jidsXtO7lvc,13.10.2021
Batma,https://www.youtube.com/watch?v=a22UwOC7fJo,26.06.2015
Batman - The Telltale Series,https://www.youtube.com/watch?v=1XKL587JnKk,03.08.2016
Batman: Arkham Knight,https://www.youtube.com/watch?v=iU_uCA-y_VY,23.06.2015
Battle Of The Immortals,https://www.youtube.com/watch?v=CCqbPnpB3WY,23.04.2010
Battle Shield Lpt Special Zum Liegenbleibenevent,https://www.youtube.com/watch?v=pBMsmBwYcmo,28.03.2014
Battlefield 1,https://www.youtube.com/watch?v=4deExVbch9s,19.10.2016
Battlefield 1 Gronkh,https://www.youtube.com/watch?v=jGqBR26Vu28,20.10.2016
Bears In Space,https://www.youtube.com/watch?v=UzRtF9IZI50,26.02.2024
Bedrohoohooliche Weihnachten Hwsq 077 Viscera Cleanup Santa,https://www.youtube.com/watch?v=2_Ltqq8GNIM,24.12.2017
Ben Ed: Blood Party,https://www.youtube.com/watch?v=pjwC8IRLU6Q,23.05.2017
Ben Ed: Blood Party Vier Gegen Willi,https://www.youtube.com/watch?v=pjwC8IRLU6Q,23.05.2017
Bestes Camp Eu West Hwsq Fallout 76,https://www.youtube.com/watch?v=-vVkReXH_AI,24.11.2018
Beyon,https://www.youtube.com/watch?v=XMkWc9GS-Yc,27.11.2015
Beyond The Thaw,https://www.youtube.com/watch?v=fT8KfovGxa0,25.01.2022
Beyond: Two Souls,https://www.youtube.com/watch?v=XMkWc9GS-Yc,27.11.2015
Bioshock,https://www.youtube.com/watch?v=crR-jyo49bo,13.11.2012
Bioshock 2,https://www.youtube.com/watch?v=19c3OUfS2MM,17.01.2013
Bioshock Infinite,https://www.youtube.com/watch?v=JtVTEpA7tvo,05.04.2013
Bioshock Infinite: Burial At Sea,https://www.youtube.com/watch?v=cGT9gwQEoh0,13.11.2013
Bioshock Infinite: Burial At Sea 2,https://www.youtube.com/watch?v=3TfHC9bDxO8,26.03.2014
Bioshock Infinite: Burial At Sea Ein Schockiers,https://www.youtube.com/watch?v=26-ROaOiEnw,20.11.2013
Bitte Komm Nach Hause,https://www.youtube.com/watch?v=nbMJc1P14G4,26.12.2019
Black Mesa,https://www.youtube.com/watch?v=7qpvjsMaXPE,15.09.2012
Black Mesa Ein Ganz Normaler Arbeitstag,https://www.youtube.com/watch?v=7qpvjsMaXPE,15.09.2012
Black Mesa Teleportpopel,https://www.youtube.com/watch?v=SUxg7rbKEEc,10.11.2012
Blackwells Asylum,https://www.youtube.com/watch?v=PmeSkBF__4Q,13.04.2013
Blackwells Asylum Doktor Blackwell,https://www.youtube.com/watch?v=tmP2EcXaUzo,21.04.2013
Blackwells Asylum Eingewiesen,https://www.youtube.com/watch?v=PmeSkBF__4Q,13.04.2013
Blackwood Crossing,https://www.youtube.com/watch?v=WmNoAlsZGqw,23.05.2017
Blackwood Crossing Zugfahrt Ins Nirgendwo,https://www.youtube.com/watch?v=WmNoAlsZGqw,23.05.2017
Blades Of Time,https://www.youtube.com/watch?v=qLaS33vl1KI,21.10.2012
Book Of Unwritten Tales 2,https://www.youtube.com/watch?v=rJSuN3pr4kg,05.09.2014
Book Of Unwritten Tales 2 Advanced Dungeons Düsterwalds,https://www.youtube.com/watch?v=B--zlI3ebGE,13.04.2015
Booze Masters: Freezing Moonshine,https://www.youtube.com/watch?v=uatyvtC3ea8,21.04.2022
Borderlands 2,https://www.youtube.com/watch?v=VYM8d4n9ko0,20.06.2019
Borderlands 3,https://www.youtube.com/watch?v=9OfhA3px0iM,12.09.2019
Borderlands 3 Und Es Hat Bumm Gemacht,https://www.youtube.com/watch?v=mWgKIok4mzs,03.05.2019
Boris Becker Die Dürre Ein Psychologe Hwsq Skribblio,https://www.youtube.com/watch?v=O3Ryn4ClLyY,22.02.2019
Bramble: The Mountain King,https://www.youtube.com/watch?v=pyvuKLZYqfI,13.07.2023
Brawlternative Für Deutschland Hwsq 146 Brawlhalla,https://www.youtube.com/watch?v=xYUAHKh-Wwc,11.05.2018
Broken Age,https://www.youtube.com/watch?v=cZprG521jSI,29.01.2014
Broken Age When Worlds Collide Akt 1 Broken Age,https://www.youtube.com/watch?v=O2X7jTKRZ1k,09.02.2014
Broken Ground,https://www.youtube.com/watch?v=AxAaam0ySs0,23.04.2018
Buchen Sie Noch Heute Eine Städtereise Doom: The Dark Ages,https://www.youtube.com/watch?v=LtgdSTymBeA,20.06.2025
Buddy Simulator 1984,https://www.youtube.com/watch?v=qpB38YjnFNg,10.11.2019
Bum Simulator,https://www.youtube.com/watch?v=_5W9URf438c,10.12.2021
By Daylight,https://www.youtube.com/watch?v=yuRCtGwrq18,23.09.2017
C9: Continent Of The Ninth,https://www.youtube.com/watch?v=io6UDFuwXik,20.09.2012
Cabelas Dangerous Hunts 2013,https://www.youtube.com/watch?v=FA3c-GQvVDY,11.11.2012
Can I Have A Glass Of Water Vadda Des Jahres Simulator,https://www.youtube.com/watch?v=6wThYLOghvY,30.01.2022
Candles,https://www.youtube.com/watch?v=jdDgWAW5CGg,18.03.2011
Cards Against Humanity,https://www.youtube.com/watch?v=ZE5zdjSGOw4,13.01.2018
Carrion,https://www.youtube.com/watch?v=qWCdt-t13dU,07.11.2019
Cassies Animal Sounds,https://www.youtube.com/watch?v=KUNvDmfPovc,31.12.2014
Chained Together,https://www.youtube.com/watch?v=std7AIZarZM,07.11.2024
Chaos Auf Deponia,https://www.youtube.com/watch?v=xxaMDM_mBtQ,07.10.2012
Chaotic Airport Construction Manager,https://www.youtube.com/watch?v=h5fOu-JA9SM,23.08.2021
Chasing Static,https://www.youtube.com/watch?v=s1BLuysdSI8,12.11.2021
Cities: Skylines,https://www.youtube.com/watch?v=33UWLQ3GZL0,12.03.2015
Cleo - A Pirate's Tale,https://www.youtube.com/watch?v=il0Qj_EyE_w,18.01.2022
Climb With Wheelbarrow,https://www.youtube.com/watch?v=Omurh9Txbgs,08.05.2020
Close To The Sun,https://www.youtube.com/watch?v=zyh2uRGdUPg,03.05.2019
Clothing Store Simulator,https://www.youtube.com/watch?v=Os2otLRiID0,13.08.2024
Community Maps Sind Verzweiflung Ben Ed: Blood Party,https://www.youtube.com/watch?v=fl5B-RhJOog,28.06.2017
Communityhassmaps Hwsq Ben Ed,https://www.youtube.com/watch?v=TdfhxprcZZc,17.09.2017
Concluse,https://www.youtube.com/watch?v=SGCX3mP11HA,13.12.2021
Concluse 2 - The Drifting Prefecture,https://www.youtube.com/watch?v=pBzDB5-m-pk,11.01.2022
Control : Eventualitäten Der Realitäten,https://www.youtube.com/watch?v=V8drN8Ne018,10.08.2019
Control Ultimate Edition,https://www.youtube.com/watch?v=W5d_3-5oe6g,26.08.2019
Cooties: Patient Zero Schenkelpilz Allergiesimulator 2015,https://www.youtube.com/watch?v=LuTEfhTrvuE,25.04.2015
Copycat,https://www.youtube.com/watch?v=RG2UDlRyIZ4,27.02.2024
Counter-Strike,https://www.youtube.com/watch?v=y2m72hoV5Z0,31.05.2024
Craftopia,https://www.youtube.com/watch?v=xhqUkLdKgLY,01.02.2021
Creativerse,https://www.youtube.com/watch?v=5oGMQIPL3Jw,20.02.2015
Creepy Tale,https://www.youtube.com/watch?v=cCN4vA2R608,12.08.2024
Creepy Tale 2,https://www.youtube.com/watch?v=__XgA5s1sIs,15.08.2024
Crime Scene Cleaner,https://www.youtube.com/watch?v=6JmNWbN0Zjo,04.04.2024
Crossing Souls,https://www.youtube.com/watch?v=1cwlcI4RBI8,15.02.2018
Cry Of Fear,https://www.youtube.com/watch?v=v5_jQVhRg8M,23.08.2012
Cry Of Fear Das Unvermeidliche,https://www.youtube.com/watch?v=1qgi4B83XWs,13.10.2012
Cub,https://www.youtube.com/watch?v=5cYdPmB0zsA,02.08.2013
Cube World Drei,https://www.youtube.com/watch?v=HnBi5hVVF28,07.08.2013
Cult Of The Lamb,https://www.youtube.com/watch?v=gTI3rfe-E_k,12.07.2022
Curry Übt Tobi Cheatet Pan Riecht Streng Hwsq Pummel Party,https://www.youtube.com/watch?v=qzYWMTriN_o,18.06.2019
Dale & Dawson Stationery Supplies,https://www.youtube.com/watch?v=iCz80YO8-4g,30.04.2025
Dance Its Your Stage,https://www.youtube.com/watch?v=C0nO_5ADEzg,01.09.2010
Danke Für Ff4,https://www.youtube.com/watch?v=wYrRRCWEaFk,23.12.2018
Dark Fracture,https://www.youtube.com/watch?v=P-7vNyUaw4s,17.04.2022
Dark Souls Board Game Bards Tale Iv Ugly Sweaters Lootrausch,https://www.youtube.com/watch?v=JdXehj_fRzI,16.12.2018
Dark Strokes,https://www.youtube.com/watch?v=xsgQGCKn0gw,08.03.2013
Dark Strokes 7 Teile Des Herzens,https://www.youtube.com/watch?v=0AzZ0BNAtsg,04.04.2013
Darwin Project,https://www.youtube.com/watch?v=FxE9wwS15Y8,04.04.2018
Das Fieseste Versteck Hwsq Witch It,https://www.youtube.com/watch?v=Mow0fluk69U,09.09.2017
Das Ist Busfahrerstyle Katastrophenfolge Hwsq Bus Simulator 18,https://www.youtube.com/watch?v=UdS4x9l7dAI,14.06.2019
Das Ist Kunst Das Verstehst Du Nur Nicht Hwsq 075 Skribblio,https://www.youtube.com/watch?v=lwarY7_s_Ls,20.12.2017
Das Kann Nicht Passiert Sein Dead By Daylight 062 Gronkh,https://www.youtube.com/watch?v=IC1b-9kC6gA,08.10.2016
Das Ultra Hardcore Mega Deluxe Gaming Event August 2021,https://www.youtube.com/watch?v=XRM_Jv5N2LM,13.06.2021
Dawn Of Man,https://www.youtube.com/watch?v=IAvtfX1HCfo,14.03.2019
Daylight,https://www.youtube.com/watch?v=NjVr4uFo8rQ,24.04.2014
Dead By Daylight,https://www.youtube.com/watch?v=l1II8d9tJIs,28.06.2016
Dead By Daylight Gronkh,https://www.youtube.com/watch?v=AHDE69Wgj_w,08.06.2016
Dead Or Alive Xtreme 2 Bunga Bunga Partyspaß Dead Or Alive Xtreme 2,https://www.youtube.com/watch?v=b3WNiI7OtT0,25.11.2012
Dead Space 3,https://www.youtube.com/watch?v=UaNZxIDi9Bc,05.02.2013
Deadpoly,https://www.youtube.com/watch?v=5JNaHNDq3RU,19.02.2022
Deliver Us The Moon,https://www.youtube.com/watch?v=9KMBHXFLi04,19.11.2021
Delver Pixeltiefen Für Zwischendurch Delver Indie,https://www.youtube.com/watch?v=VAcnb5ann-Q,08.09.2013
Deponia,https://www.youtube.com/watch?v=ist68z2zddc,20.01.2012
Deponia Doomsday,https://www.youtube.com/watch?v=ad4JIe-XTHg,02.03.2016
Depp Realm Hwsq Dead Realm,https://www.youtube.com/watch?v=QpCbRoGhi-A,13.10.2017
Der Kryptokönig Ausm Kinderzimmer Nerd Simulator,https://www.youtube.com/watch?v=hWrc1-vN1k4,16.05.2025
Der Welpen,https://www.youtube.com/watch?v=ZficERyBxq4,08.05.2016
Desolate,https://www.youtube.com/watch?v=sEfhsMbx1QI,14.02.2018
Destiny 2,https://www.youtube.com/watch?v=pMQ6W_9UWZI,19.11.2017
Destiny 2 Beta : Kampagne,https://www.youtube.com/watch?v=G1USeT3ySTY,30.08.2017
Destiny 2 Die Geißel Der Galaxis Kehrt Zurück,https://www.youtube.com/watch?v=pMQ6W_9UWZI,19.11.2017
Destiny 2 Tobi Gronkh Retten Das Universum Mal Wieder,https://www.youtube.com/watch?v=BitVt8P5khc,23.12.2017
Destroy All Humans! 2 - Reprobed,https://www.youtube.com/watch?v=9etr-Gjd6HM,10.11.2021
Detroit Become Human Gameplay,https://www.youtube.com/watch?v=ujUIPTQuUAw,05.10.2017
Detroit: Become Human,https://www.youtube.com/watch?v=UE1SgDz8YOE,23.05.2018
Detroit: Become Human Bootsequenz Erwachen,https://www.youtube.com/watch?v=V365XanE5D4,24.05.2018
Deutsche Indie Showcase Sommer Spiele Festival 2024,https://www.youtube.com/watch?v=kyLy9BtW8es,08.06.2024
Deutsche Indie Showcase Sommer Spiele Festival 2025,https://www.youtube.com/watch?v=DLcJ_wznAIo,08.06.2025
Deutsche Indie Showcase The Game Awards 2024,https://www.youtube.com/watch?v=Et13fhC3Nzc,12.12.2024
Diablo 3: Reaper Of Souls,https://www.youtube.com/watch?v=JWFIuxbTCAM,26.03.2014
Diablo 3: Reaper Of Souls Herren Des Hügels,https://www.youtube.com/watch?v=2NDWpGjSDZY,02.04.2014
Diablo 4,https://www.youtube.com/watch?v=W39Mk2rfVEE,03.06.2023
Die 4 Reiter Der Asikalypse Mett 001 Cards Against Humanity,https://www.youtube.com/watch?v=wT1kiyyVOz8,22.02.2020
Die Anderen Hassen Mich Einfach Hwsq Shellshock Live,https://www.youtube.com/watch?v=xzmoR9TOycg,20.03.2019
Die Beleidigt Mein Vadda Unboxing Amazon Echo,https://www.youtube.com/watch?v=SOuoPLfS2HY,31.12.2016
Die Dunkle Seite Der Macht Mett 002 Uno Flip,https://www.youtube.com/watch?v=lhCUuT0M4Ik,23.03.2020
Die Hwscrew Setzt Wieder Segel Hwsq Sea Of Thieves,https://www.youtube.com/watch?v=VhHOmZlSKLA,18.05.2019
Die Nacht Der Lebn Kunden,https://www.youtube.com/watch?v=8-eBB-6AWOs,06.05.2020
Die Polizei,https://www.youtube.com/watch?v=VKuho-gg9ds,11.09.2011
Die Sim,https://www.youtube.com/watch?v=cKHSm88TsNY,26.03.2011
Die Sims 3,https://www.youtube.com/watch?v=EqiNPYxvRmk,13.04.2011
Die Sims 4,https://www.youtube.com/watch?v=Z6vkoaDT30k,01.09.2014
Die Sims: Mittelalter,https://www.youtube.com/watch?v=cKHSm88TsNY,26.03.2011
Die Zerfleischung Hwsq Depth,https://www.youtube.com/watch?v=YmHBwwc7TAI,04.06.2019
Diese Superhelden Sind Komplett Nutzlos Dispatch Invincible X The Boys,https://www.youtube.com/watch?v=vW9jmqNHd5E,05.07.2025
Dieser Place Ist So Fly Hwsq Generation Zero,https://www.youtube.com/watch?v=aHOJtBQdQwM,21.04.2019
Dieser Widerliche Fettball Aus Kleve Hwsq Tricky Towers,https://www.youtube.com/watch?v=atwZ0vJvtF0,25.05.2019
Dieses Video Ist Sehr Unheimlich,https://www.youtube.com/watch?v=QW9kyjfZcfk,25.12.2019
Direkt In Die Hölle Hwsq Cards Against Humanity,https://www.youtube.com/watch?v=qLj13QU6n_Y,20.06.2019
Dishonored 2,https://www.youtube.com/watch?v=bWkMtAMntzc,30.09.2016
Disney Epic Mickey: Rebrushed,https://www.youtube.com/watch?v=nSBTkG7Nb20,27.12.2024
Dner Dagi Und Die Dicke Gurke Stadt Land Fluss Online,https://www.youtube.com/watch?v=iCwyRaTWD8o,21.04.2016
Do Not Enter Prey 2017,https://www.youtube.com/watch?v=kUCNtnMsaIM,19.02.2017
Don't Scream,https://www.youtube.com/watch?v=PWfnWkkuCkU,20.11.2023
Dont Be Nervous Talking To Girls,https://www.youtube.com/watch?v=xxZefO-JTWA,23.12.2014
Dont Be Nervous Talking To Girls Verpiss Dich Bloß Du Dorfmatratze,https://www.youtube.com/watch?v=a8WY_zX5540,28.12.2014
Dont Shit Your Pants Nussige Karamelcreme Gefällig,https://www.youtube.com/watch?v=dtIioViW1oA,09.07.2010
Doom 2016 Multiplayer Metzelfest,https://www.youtube.com/watch?v=AUnrMz84-II,30.03.2016
Doom 2016 Schni Schna Snapmap,https://www.youtube.com/watch?v=7GcyHrRXJCA,26.04.2016
Doom Gronkh,https://www.youtube.com/watch?v=d37Mt6ql6kg,14.05.2016
Doom: The Dark Ages,https://www.youtube.com/watch?v=IrENsQd4rl4,16.05.2025
Dragon Ag,https://www.youtube.com/watch?v=g3nIUHbX2a0,14.04.2010
Dragon Age,https://www.youtube.com/watch?v=7p2o14msDhE,08.06.2010
Dragon Age 2,https://www.youtube.com/watch?v=M9o3XKZBQcA,10.03.2011
Dragon Age: Awakening,https://www.youtube.com/watch?v=N1ey-dsyqn8,01.07.2010
Dragon Age: Origins Awakening,https://www.youtube.com/watch?v=HaGj5kK0_hs,05.04.2010
Dragons Prophet,https://www.youtube.com/watch?v=GVDwCXxVWnQ,29.05.2013
Draugen,https://www.youtube.com/watch?v=cAKhDoJJXzY,02.06.2019
Drawn The Painted Tower,https://www.youtube.com/watch?v=JslxdNz_hg4,13.04.2010
Dream Of The Blood Moon,https://www.youtube.com/watch?v=F31mf_4DJSI,17.11.2012
Dreckige Groggurgelnde Schweine Hwsq 093 Sea Of Thieves 01,https://www.youtube.com/watch?v=YtPlt1Mn6Ww,25.01.2018
Dredge,https://www.youtube.com/watch?v=eT5ZihDEK_0,21.08.2023
Drei Sehr Bald Sehr Live Sehr Geil,https://www.youtube.com/watch?v=x3zdCcmuW5E,07.10.2017
Drive Beyond Horizons,https://www.youtube.com/watch?v=NOe5wSwVL4M,29.07.2024
Drova - Forsaken Kin,https://www.youtube.com/watch?v=h8fSNQlE6PM,07.10.2024
Drug Dealer Simulator 2,https://www.youtube.com/watch?v=KejrcI7Wboc,14.03.2024
Duck Detective: The Secret Salami,https://www.youtube.com/watch?v=v1AQKC3325I,17.07.2024
"Dude, Stop",https://www.youtube.com/watch?v=VhWE91iFvDI,13.06.2018
Duke Nukem Forever,https://www.youtube.com/watch?v=_QuTQBn_1k8,03.06.2011
Duke Nukem Forever Specials: Entwicklungszeitachse,https://www.youtube.com/watch?v=kwl1QZUKuPY,09.09.2011
Dungeon Siege 3 Teaser,https://www.youtube.com/watch?v=vShyXRjChcY,07.08.2010
Dungeons Of Hinterberg,https://www.youtube.com/watch?v=wpYPIIC_DbA,04.08.2024
Duty Calls Fulminante Megaaction,https://www.youtube.com/watch?v=eCA4RmUqzUk,06.02.2011
Dying Light 2,https://www.youtube.com/watch?v=N3BqJBFiShE,05.02.2022
Dünnes Eis - Das Spiel Zum Song,https://www.youtube.com/watch?v=DRYhp4fCtnA,25.05.2024
Eco,https://www.youtube.com/watch?v=49A52mWDfWs,20.02.2018
Edna Bricht Aus,https://www.youtube.com/watch?v=44-Qf8911eM,05.04.2012
Edna Bricht Aus Alfreds Tod Credits,https://www.youtube.com/watch?v=n3JnXcrXBTk,18.06.2012
Ein Leben Am Seidenen Faden Once Upon A Puppet,https://www.youtube.com/watch?v=Y6g7R2ldm14,18.04.2025
Ein Salziger Seemann Dauerkills Sind Doof Hwsq 097 Sea Of Thieves 05,https://www.youtube.com/watch?v=MTp7nsBxyCI,02.02.2018
Eine Folge Nur Für Tooobiiii Hwsq Skribblio,https://www.youtube.com/watch?v=mZAdVwqBMbM,24.02.2019
Einsames Monster Sucht Freunde : White Noise 2,https://www.youtube.com/watch?v=eVZqNw58nik,07.04.2017
Elex,https://www.youtube.com/watch?v=znOieSu_PRI,27.04.2017
Elex 2 15H Gameplay Mit Björn Jenny Pankratz,https://www.youtube.com/watch?v=U0L6oqPJ8iU,26.09.2021
Endlich: Die Schuldeinlösung Glog,https://www.youtube.com/watch?v=56HwAYAAaXk,02.07.2017
Endscreen Beyond Two Souls Remastered,https://www.youtube.com/watch?v=QkmUWziZgj4,24.11.2015
Endscreen Detroit: Become Human,https://www.youtube.com/watch?v=UE1SgDz8YOE,23.05.2018
Endscreen Final Fantasy Vii Remake,https://www.youtube.com/watch?v=NfMeDJEcDdU,07.04.2020
Endscreen Horizon Zero Dawn,https://www.youtube.com/watch?v=NwX3iOHTqhY,09.04.2017
Endscreen Infamous: Second Son,https://www.youtube.com/watch?v=9mgMg_QD0rE,04.05.2014
Endscreen Sea Of Thieves,https://www.youtube.com/watch?v=_UvSKwzbE2o,26.01.2018
Endscreen The Last Of Us Part Ii,https://www.youtube.com/watch?v=Q-Lz30Eo6T8,23.06.2020
Endspiel: The World Is Yours Fifa 17,https://www.youtube.com/watch?v=IgYu7WmZLRA,25.09.2017
Enigmatis 2,https://www.youtube.com/watch?v=xccHHqE5joc,29.06.2014
Enshrouded,https://www.youtube.com/watch?v=ajH6E4XlGBo,26.10.2023
Enslaved Odyssey To The West,https://www.youtube.com/watch?v=0OP8CsbiDSE,04.10.2012
Erster Raid: Blamieren Oder Kassieren Hwsq 126 Sea Of Thieves 12,https://www.youtube.com/watch?v=Jndi6JhI5bY,01.04.2018
Escape Room Stories Watch Dogs 2 Truck,https://www.youtube.com/watch?v=BemfowuZEbc,19.12.2016
Escape The Ayuwoki,https://www.youtube.com/watch?v=SojHYD6aAjc,26.11.2019
Esl Skribblio Battle Royal World Cup Hwsq Skribblio,https://www.youtube.com/watch?v=EZ6fdIWUIPw,21.05.2019
Eternally Us,https://www.youtube.com/watch?v=CnDeTyafODo,18.05.2010
Eternally Us Ein Trauriges Credits,https://www.youtube.com/watch?v=exnDHOfl0F0,19.05.2010
Every Day The Same Dream Fünf Schritte Zur Freiheit Every Day The Same Dream Indie,https://www.youtube.com/watch?v=5qpvxh_llMA,11.08.2013
Everybodys Gone To The Rapture,https://www.youtube.com/watch?v=DU8V3nMIHqI,11.08.2015
Everybodys Gone To The Rapture 30 Minuten Nach Dem Der Menschheit,https://www.youtube.com/watch?v=DU8V3nMIHqI,11.08.2015
Exklusive Level Prey 2017 Bonus,https://www.youtube.com/watch?v=D-1xgLNf-vg,14.04.2017
Fabl,https://www.youtube.com/watch?v=CegBkZblQ5c,25.09.2010
Fable,https://www.youtube.com/watch?v=QK2zTrpmOYY,20.12.2013
Fable 2,https://www.youtube.com/watch?v=KUL_AHeC4zw,02.09.2013
Fable 3,https://www.youtube.com/watch?v=IGOZs9WJDE0,29.12.2013
Fable: The Lost Chapters,https://www.youtube.com/watch?v=_V3Dy0l210k,30.09.2010
Falafel Restaurant Simulator,https://www.youtube.com/watch?v=aAsZNbZp6-A,16.07.2021
Fallout 76,https://www.youtube.com/watch?v=wUo6FrAVMa4,15.10.2018
Familie Schlimmson Hwsq Party Panic,https://www.youtube.com/watch?v=iS4e7VXEzso,24.08.2017
Family Guy: Back To The Multiverse,https://www.youtube.com/watch?v=ynrtPZHwhvY,09.12.2012
Family Wins Hwsq Filthy Hands,https://www.youtube.com/watch?v=fR6TTM1QbUk,04.07.2019
Far Cry 5,https://www.youtube.com/watch?v=eb_t8iboHj4,28.03.2018
Far Cry 6 Gameplay Und Alles Geht Schief,https://www.youtube.com/watch?v=XKqnlqTkql0,25.09.2021
Far Cry® New Dawn,https://www.youtube.com/watch?v=FpHdVRuN-ow,23.02.2019
Fata Deum - The God Sim,https://www.youtube.com/watch?v=1yLcdyxPAV0,19.04.2022
Fear 2,https://www.youtube.com/watch?v=woZdPkMbzNU,03.10.2010
Fernbus Simulator,https://www.youtube.com/watch?v=cJoPB3G_khg,30.08.2016
Fett Haarig Und Beine Aus Holz Hwsq 120 Sea Of Thieves 06,https://www.youtube.com/watch?v=OOOFYh05SWU,21.03.2018
Feuerwehr 2014,https://www.youtube.com/watch?v=QtnjBjF217o,26.05.2014
Feuerwehr Simulator 2014,https://www.youtube.com/watch?v=NQbfGe8xLjI,22.05.2014
Fifa 17,https://www.youtube.com/watch?v=ciTi5CPs4II,25.11.2016
Fifa 17 The Journey Mit The Curry,https://www.youtube.com/watch?v=ciTi5CPs4II,25.11.2016
Fifa 18,https://www.youtube.com/watch?v=kz76HsQM0EQ,26.09.2017
Fifa 19: The Journey,https://www.youtube.com/watch?v=Ly9tyrbTPRA,28.09.2018
Fifa 19: The Journey Der Große Hodini Feat Tuffi,https://www.youtube.com/watch?v=mwtjg5aTPGY,18.11.2018
Final Fantasy 7 Remake,https://www.youtube.com/watch?v=5q9L4O61MrQ,08.04.2020
Final Fantasy Vii Rebirth,https://www.youtube.com/watch?v=7WYUnH5x80E,21.09.2023
Final Fantasy Vii Remake 1H Gameplay,https://www.youtube.com/watch?v=AauJoaMBlXo,02.03.2020
Finding Paradise,https://www.youtube.com/watch?v=g9zHo_gsads,14.12.2017
Firefall,https://www.youtube.com/watch?v=S8GKgdgKGvA,16.10.2012
Firewatch,https://www.youtube.com/watch?v=jHDmni_icf0,10.02.2016
Flashing Lights,https://www.youtube.com/watch?v=ZRyYI6jeUSo,16.06.2018
Fling To The Finish,https://www.youtube.com/watch?v=kNgthFGWWYw,15.10.2021
Food Truck Simulator,https://www.youtube.com/watch?v=M8JrkMaN0zU,14.03.2022
Forest,https://www.youtube.com/watch?v=rsoOajiskog,06.03.2015
Forest Village Gronkh,https://www.youtube.com/watch?v=mOv7txs2Oqk,09.09.2016
Forest W,https://www.youtube.com/watch?v=klTt13PbIoA,08.01.2013
Foundation,https://www.youtube.com/watch?v=y-yqK-yVzQU,07.02.2019
Fran Bow,https://www.youtube.com/watch?v=JRgKWANRNk8,28.08.2015
Frau Hase Hat Dich Lieb Hwsq,https://www.youtube.com/watch?v=EKsDFgb_Txc,06.08.2017
Friday The 13Th Closed Beta,https://www.youtube.com/watch?v=GzTquRy6IW0,21.12.2016
Friday The 13Th: Virtual Cabin Gronkh,https://www.youtube.com/watch?v=p0FB3c-nbmU,22.09.2016
Friendly Fire 2 Das Beste Event Der Welt,https://www.youtube.com/watch?v=Jsg4tzYuRM8,06.11.2016
Friendly Fire 3 Das Shooting: Behind The Scenes,https://www.youtube.com/watch?v=98nQqXvxTAM,24.11.2017
Friendly Fire 3 Die Viel Zu Kurze Zusammenfassung,https://www.youtube.com/watch?v=MtHuDv4QJVA,07.12.2017
Friendly Fire 4,https://www.youtube.com/watch?v=952ME48OUUw,06.12.2018
Friendly Fire 4 Das Shooting: Behind The Scenes,https://www.youtube.com/watch?v=IVBGq33yxhQ,20.10.2018
Friendly Fire 6 Am 051220 Um 15 Uhr Merch Ab Sofort,https://www.youtube.com/watch?v=TBMvwsfmcOQ,09.10.2020
Friendly Fire 6 Das Shooting: Behind The Scenes,https://www.youtube.com/watch?v=HVJ8jAP5KZQ,02.12.2020
Friendly Fire 7 Am 041221 15 Uhr Teilnehmer Sponsoren Vereine,https://www.youtube.com/watch?v=SKFVNVsu1pk,30.09.2021
Friendly Fire 8 031222 15 Uhr Teilnehmer Sponsoren Vereine,https://www.youtube.com/watch?v=opygi6TRFoU,17.10.2022
Friendly Fire 9 021223 Um 15 Uhr,https://www.youtube.com/watch?v=6HTFGs_tivs,11.10.2023
Friendly Fire Am 121215 15 Uhr Sehrlive,https://www.youtube.com/watch?v=LA1iVR2gPg0,06.12.2015
Friendly Fire Fünf Cyberpunk Shooting,https://www.youtube.com/watch?v=WPA7KPXULrA,07.10.2019
Fright Light 12 Stunden Ohne Freddie Lets Trash Fright Light,https://www.youtube.com/watch?v=F8sNIKGIoqM,24.01.2015
Frittierte Babies Sind Auch Lowcarb Hwsq Cards Against Humanity,https://www.youtube.com/watch?v=AsODL9XXDsU,20.12.2018
Frolic Van Hinten Der Wuff Mit Dem Knuff Die Sims 4 Werwölfe,https://www.youtube.com/watch?v=tvqxLQTbYig,08.07.2022
From Day To Day,https://www.youtube.com/watch?v=v_xX6QSDc4E,27.01.2022
From Dust,https://www.youtube.com/watch?v=RxC5JhPumvo,02.10.2012
From The Darkness,https://www.youtube.com/watch?v=NZ3XMF1WAEY,11.06.2021
Fünf Leute Zehn Hände Null Plan Mett 004 Skribblio,https://www.youtube.com/watch?v=ENA8bLTDgvU,25.03.2020
Game Store Simulator,https://www.youtube.com/watch?v=mDl1kOK8Ecs,13.11.2023
Gamescom 2017,https://www.youtube.com/watch?v=_mzy9uqDuOs,21.08.2017
Gamescom 2018,https://www.youtube.com/watch?v=AUHr4Ppnxz0,23.08.2018
Gang Beasts,https://www.youtube.com/watch?v=LdJa22Rd5wQ,09.04.2018
Gartensimulator 2010,https://www.youtube.com/watch?v=6TXkYtwfAYA,10.06.2010
Gartic Phone,https://www.youtube.com/watch?v=eK2EJSt0cxE,30.04.2021
Gas Station Simulator,https://www.youtube.com/watch?v=lS6kXuF-16M,16.10.2021
Geburtstagsuno Für Plus4pan Hwsq 119 Uno,https://www.youtube.com/watch?v=B8FVdTUUij4,20.03.2018
Geiler Shice Mit Der Community,https://www.youtube.com/watch?v=sg2oGLBUBbQ,05.06.2023
Geisterschiffund Ne Buddel Voll Rum Hwsq Sea Of Thieves,https://www.youtube.com/watch?v=ddxBuuC3cfQ,07.06.2019
Generation Zero,https://www.youtube.com/watch?v=rvgKqWaxJlo,19.10.2018
Generation Zero Hwsq 2,https://www.youtube.com/watch?v=6XewDncSY0M,23.10.2018
Generation Zero Hwsq 226,https://www.youtube.com/watch?v=2o5Bf5OCQGw,31.10.2018
Get Even,https://www.youtube.com/watch?v=6FujQxUYAhk,25.04.2017
Gewinnspiel: The Art Of Thief Thief 2014 Artbook Vlog,https://www.youtube.com/watch?v=g1eY27en6d8,03.05.2014
Ghost Of Tsushima,https://www.youtube.com/watch?v=duFY5j4tqIU,19.07.2020
Ght,https://www.youtube.com/watch?v=Th9P9_5kYG8,25.09.2017
Giana Sisters: Twisted Dreams,https://www.youtube.com/watch?v=5w2F4H3JOdo,28.10.2012
Gibbous -  A Cthulhu Adventure,https://www.youtube.com/watch?v=OejgRnxK_I0,26.08.2021
Glog,https://www.youtube.com/watch?v=p7H3UW0zQmI,06.11.2016
Glog Der Evil Within 2 Synchrotag Mit Pan Sascha Rotermund Gronkh Geht Raus,https://www.youtube.com/watch?v=NPiHpeOHlqg,25.08.2017
Glog Im Privatjet Zum Atombunker Hartes Influencerlife,https://www.youtube.com/watch?v=o9NcLM5Qp9o,05.11.2018
Glog Info: Product Placements Bezahlte S,https://www.youtube.com/watch?v=vahfWwaF76o,25.11.2016
God Of War,https://www.youtube.com/watch?v=-wWRaZAW3co,19.04.2018
Golf It,https://www.youtube.com/watch?v=5AdLprkC_FU,28.02.2018
Gone Home,https://www.youtube.com/watch?v=CO4OabLKpAg,10.02.2015
Goodbye Deponia,https://www.youtube.com/watch?v=tdrA6OedRQw,29.10.2013
Gothic Playable Teaser,https://www.youtube.com/watch?v=eswHHR1TcaU,13.12.2019
Grand Theft Städtische Verkehrsbetriebe Hwsq Bus Simulator 18,https://www.youtube.com/watch?v=0BScC1b_gfE,16.06.2019
Grandfather Simulator,https://www.youtube.com/watch?v=oLKBVH01e6E,11.01.2024
Green Hell,https://www.youtube.com/watch?v=niq-AEH4tHk,02.09.2018
Gretel Hansel,https://www.youtube.com/watch?v=z-_QMlsbZ-E,30.12.2014
Grey,https://www.youtube.com/watch?v=Avn1poO4yhs,10.01.2013
Grim Tales,https://www.youtube.com/watch?v=VDNmPOPJP_w,06.01.2013
Grim Tales 1,https://www.youtube.com/watch?v=YmLqxN7mCQY,19.01.2013
Grim Tales 10,https://www.youtube.com/watch?v=fxlv3sEkckE,08.07.2018
Grim Tales 2,https://www.youtube.com/watch?v=G_Jz3IoZBME,17.02.2013
Grim Tales 3,https://www.youtube.com/watch?v=mQbiCdldn3A,20.12.2012
Grim Tales 4,https://www.youtube.com/watch?v=sgPWsaNWVeM,27.07.2013
Grim Tales 5: Bloody Mary,https://www.youtube.com/watch?v=GPlODygXK9c,22.11.2013
Grim Tales 6,https://www.youtube.com/watch?v=czpHmhGQNJU,26.08.2014
Grim Tales 6 Ein Höchst Fragwürdiges Grim Tales 6,https://www.youtube.com/watch?v=f7_oUDJYd0k,18.09.2014
Grim Tales 7,https://www.youtube.com/watch?v=MMYh7MIvmi8,01.04.2015
Grim Tales 8 Mord An Harry Potter Kelly Missesvlog Lets Wimmel Grim Tales 8,https://www.youtube.com/watch?v=_eaDYJcRxGM,17.08.2015
Grim Tales 9,https://www.youtube.com/watch?v=5p65D5rtBgA,24.12.2017
Gris,https://www.youtube.com/watch?v=K6AMEjw3FrU,22.12.2018
Gronkh Geht Raus,https://www.youtube.com/watch?v=WPlwKugPiQg,21.09.2015
Grün Ist Die Hoffnung Hwsq 088 Uno,https://www.youtube.com/watch?v=SZSvswVWVLo,15.01.2018
Gta,https://www.youtube.com/watch?v=tL-38pbnnrA,25.09.2013
Gta 5 Gta V,https://www.youtube.com/watch?v=jl2xNWeujZs,17.09.2013
Gta Online,https://www.youtube.com/watch?v=885Gk6yB6iU,04.01.2014
Gta Online Challenge: Fernsteuerfrogger Gta Online,https://www.youtube.com/watch?v=fr6liA63F9s,01.03.2014
Gta Online Nixgehtparty Bei Pandorya Gta Online,https://www.youtube.com/watch?v=Cwjk3LW5L-4,29.03.2014
Guten Flug Ins Neue Jahr Hwsq Sea Of Thieves,https://www.youtube.com/watch?v=HrCMeuUZ1oE,26.12.2018
Guybrush Sagt: Sorry Leute,https://www.youtube.com/watch?v=NSb3Kt4E2v0,08.08.2010
Gylt,https://www.youtube.com/watch?v=eo1I2rnLlLc,27.07.2023
Gym Manager,https://www.youtube.com/watch?v=Wv0OhnjM3o8,13.03.2024
Gym Simulator 24,https://www.youtube.com/watch?v=3A8U33CRKY4,09.11.2023
Hackerman Hero Und Blasenmeisterschaften Nerd Simulator,https://www.youtube.com/watch?v=acjHyynpZH0,15.05.2025
Hal,https://www.youtube.com/watch?v=FNdH8rSHdbY,12.08.2013
Half-Life: Alyx,https://www.youtube.com/watch?v=qPDqw_PPdRo,24.03.2020
Halflife 2 Cm13,https://www.youtube.com/watch?v=iIhoKAbNH-w,05.08.2013
Hallo Kurz Hwsq Sea Of Thieves Larry 3 So,https://www.youtube.com/watch?v=eIZNRVQTfaA,04.02.2018
Hallo Mädels Wir Machen Jagd Auf Schädels Hwsq 124 Sea Of Thieves 10,https://www.youtube.com/watch?v=qSTNVFweyxc,29.03.2018
"Hamlet Or The Last Game Without Mmorpg Features, Shaders And Product Placement",https://www.youtube.com/watch?v=mDEH3pqnSY8,21.11.2012
Hammerwatch Beta,https://www.youtube.com/watch?v=kLSB58PIlQs,29.06.2013
Happy Game,https://www.youtube.com/watch?v=ZbvNvHLIYpo,22.12.2021
Harold Halibut,https://www.youtube.com/watch?v=G7MVetSffoQ,02.03.2024
Harveys Neue Augen,https://www.youtube.com/watch?v=bVjsNLGPEUM,21.12.2011
Havocado: Ragdoll Fighter,https://www.youtube.com/watch?v=fSacZ3vrOPQ,15.05.2019
Heat Death: Survival Train,https://www.youtube.com/watch?v=G2lY5lwEb1o,13.01.2024
Hektor,https://www.youtube.com/watch?v=Awoj0aLRMBU,13.04.2015
Hellblade: Senua's Sacrifice,https://www.youtube.com/watch?v=fZ0Fj45Do3c,13.08.2017
Hello Neighbor,https://www.youtube.com/watch?v=JDbg58IVoWI,07.10.2016
Hentai Words Der Große Guantanamospielspaß,https://www.youtube.com/watch?v=ebXxdX7XAQQ,21.07.2018
Here They Lie Gronkh,https://www.youtube.com/watch?v=OiS5AUcvulk,13.10.2016
Hero Of The Kingdom,https://www.youtube.com/watch?v=2xbURgLbBXg,03.03.2014
Heute 18 Uhr Live: Sarazar Gronkh Zu Gast Bei Rush Hour,https://www.youtube.com/watch?v=h1SAry88Uys,04.12.2012
Heute Doppelherz Für Den Doom Slayer Doom: The Dark Ages,https://www.youtube.com/watch?v=hJfshGLtDDY,06.06.2025
Hex Weg Hwsq Witch It,https://www.youtube.com/watch?v=xGC0i4_6BZA,12.08.2017
Hidden Deep,https://www.youtube.com/watch?v=iARxjFdi12Y,14.10.2021
High On Life,https://www.youtube.com/watch?v=Aldo1C_nJfQ,23.01.2023
Hilfe Bibi Überholt Mich1 Glog,https://www.youtube.com/watch?v=w4AyEmdoIus,14.01.2017
Hollow Cocoon,https://www.youtube.com/watch?v=EnWjLN3XZlg,21.11.2023
Holzt Den Regenwald Wir Brauchen Golfplätze Hwsq Golf It,https://www.youtube.com/watch?v=2ED6tzQhfy0,18.12.2018
Home Sweet Home Horror,https://www.youtube.com/watch?v=oYJ6IbHnKgs,21.01.2017
Homeless Geschichten Von Der Straße,https://www.youtube.com/watch?v=HPLaU2qFGno,04.01.2015
Horde,https://www.youtube.com/watch?v=bMDR1q0auQ4,10.09.2021
Horde 1,https://www.youtube.com/watch?v=VClirPxaxWQ,23.09.2021
Horde 2,https://www.youtube.com/watch?v=Y43C_ROlfZM,22.07.2023
Horde 3,https://www.youtube.com/watch?v=1S7vH_uygWo,07.05.2024
Horde 312,https://www.youtube.com/watch?v=MMTGeoNKS6w,18.05.2024
Horde 4,https://www.youtube.com/watch?v=c47UE6y6FmM,26.06.2024
Horde Das Papier Pappenevent Charerstellung,https://www.youtube.com/watch?v=bMDR1q0auQ4,10.09.2021
Horde Staffel 1 Stream 1 Was Bisher Geschah Animated Trailer,https://www.youtube.com/watch?v=m7ORJNLxR1A,06.11.2022
Horde Xmasspecial,https://www.youtube.com/watch?v=UaToK4v20dc,09.12.2023
Horizon Zero Dawn,https://www.youtube.com/watch?v=kUL2Dk4jlbM,27.02.2017
Horrornacht Auf Gronkhtv,https://www.youtube.com/watch?v=Osy0Cs-9-Qo,20.04.2015
Horse Tales: Emerald Valley Ranch,https://www.youtube.com/watch?v=BBI3cVnSWb4,20.12.2022
Hotel Architect,https://www.youtube.com/watch?v=2guFm9cRl_A,19.03.2025
House Flipper,https://www.youtube.com/watch?v=4xMtVJ6Gk2Y,01.08.2018
Howaizen,https://www.youtube.com/watch?v=6W476OqQ3aM,11.06.2017
Huch Tot Huch Tot Huch Tot Resident Evil 7 Dlcs,https://www.youtube.com/watch?v=G5vnMi3qPzM,05.03.2017
Huhndert Mann Auf Des Toten Manns Kiste Hwsq 123 Sea Of Thieves 09,https://www.youtube.com/watch?v=TvVAB7_Namg,26.03.2018
Human Fall Flat,https://www.youtube.com/watch?v=2Z8T9w2yffQ,05.01.2018
Human: Fall Flat,https://www.youtube.com/watch?v=tgVj-Oh4ZD8,04.12.2017
Humor Ist Wenn Man Trotzdem Lacstirb Endlich Hwsq 138 Broken Ground,https://www.youtube.com/watch?v=6KufnsEhAX8,25.04.2018
Hundur Göngugrindur Wurst Game Ever,https://www.youtube.com/watch?v=D4lgH6ja6Rk,04.12.2014
Hwsq,https://www.youtube.com/watch?v=Wqq-22jLgyc,17.07.2017
Hwsq 1,https://www.youtube.com/watch?v=sa_iIRHk33g,31.05.2018
Hwsq 135 Shellshock Live,https://www.youtube.com/watch?v=u4a6yN4AOmU,19.04.2018
Hwsq Bus Simulator 18,https://www.youtube.com/watch?v=UdS4x9l7dAI,14.06.2019
Hwsq Cards Against Humanity,https://www.youtube.com/watch?v=qLj13QU6n_Y,20.06.2019
Hwsq Constructionsimulator 2015,https://www.youtube.com/watch?v=UuqS5uf_6pM,26.06.2019
Hwsq Curious Cases,https://www.youtube.com/watch?v=qdWrcQof0JI,27.05.2019
Hwsq Das Ist Sehr Unangenehm Mensch Ärgere Dich Nicht,https://www.youtube.com/watch?v=vgJ433-Amkg,29.08.2018
Hwsq Dead Realm,https://www.youtube.com/watch?v=QpCbRoGhi-A,13.10.2017
Hwsq Depth,https://www.youtube.com/watch?v=YmHBwwc7TAI,04.06.2019
Hwsq Fallout 76,https://www.youtube.com/watch?v=6IRkV9yczKA,16.11.2018
Hwsq Geht Fett Raiden Hwsq 125 Sea Of Thieves 11,https://www.youtube.com/watch?v=l6utQMMqKOg,30.03.2018
Hwsq Generation Zero,https://www.youtube.com/watch?v=-7bI4eJiyw8,26.03.2019
Hwsq Golf It,https://www.youtube.com/watch?v=kn4VRuZ9KOw,20.08.2017
Hwsq Half Dead,https://www.youtube.com/watch?v=9cBB5kyNkUg,14.12.2018
Hwsq Half Dead 2,https://www.youtube.com/watch?v=PeQ6zIhL1A0,14.03.2019
Hwsq Jeder Gegen Jeden Pummel Party,https://www.youtube.com/watch?v=FwXDASCB-pI,09.10.2018
Hwsq Last Year: The Nightmare,https://www.youtube.com/watch?v=grGnhxa0r9Q,05.01.2019
Hwsq Move Or Die,https://www.youtube.com/watch?v=1EEdlnfKC6A,11.09.2017
Hwsq Pacify,https://www.youtube.com/watch?v=9yVlaEeakvs,26.02.2019
Hwsq Party Panic,https://www.youtube.com/watch?v=iS4e7VXEzso,24.08.2017
Hwsq Plus Vierpanorama Uno,https://www.youtube.com/watch?v=kxYdabkik9k,24.11.2017
Hwsq Renn Oder Brenn Mario Kart 8 Deluxe,https://www.youtube.com/watch?v=mTCdybOC8H8,23.10.2017
Hwsq Rock Of Ages Ii,https://www.youtube.com/watch?v=hqgHQdCCJmk,05.09.2017
Hwsq Rocket League,https://www.youtube.com/watch?v=LMbzkKrkG5w,28.08.2017
Hwsq Sea Of Thieves,https://www.youtube.com/watch?v=1RQhBQjNo80,24.12.2018
Hwsq Skribblio,https://www.youtube.com/watch?v=QZT0F29wl7U,16.08.2017
Hwsq Speedrunners,https://www.youtube.com/watch?v=E4xx7zulBG0,22.03.2019
Hwsq Spiel Satz Krieg Mario Tennis Aces 001,https://www.youtube.com/watch?v=xWH70prxABo,26.06.2018
Hwsq Stick Fight,https://www.youtube.com/watch?v=G3GVVGytoAQ,09.10.2017
Hwsq Tower Unite,https://www.youtube.com/watch?v=DKnLPsuZKx8,29.01.2019
Hwsq Ttt,https://www.youtube.com/watch?v=5jX3KI2TeT0,28.11.2018
Hwsq Uno,https://www.youtube.com/watch?v=gLf2SlFzyoA,10.03.2019
Hwsq Witch It,https://www.youtube.com/watch?v=c_zCnwFevGY,08.08.2017
Hwsq World War Z,https://www.youtube.com/watch?v=4i0srO-1CNA,23.04.2019
I Am Bread,https://www.youtube.com/watch?v=EfcWS8VR5Q4,04.12.2014
I Am Part-Time Worker!!,https://www.youtube.com/watch?v=E4ovnDhwLZo,01.08.2024
I Love You Freddy,https://www.youtube.com/watch?v=kEjiEGQ1KlE,12.01.2024
I Want It Ein Spiel Zum Heulen Lets Trash I Want It,https://www.youtube.com/watch?v=0eeUsNWFWCM,07.02.2015
Ich Bin Jetzt 2 Fernsehsr: Gronkh Und Die Rundfunklizenz,https://www.youtube.com/watch?v=JEVtiDeHKdc,15.01.2018
Ich Bin Meine Eigenen Eltern1 Video Blogger Story Gronkh,https://www.youtube.com/watch?v=RR8nWe-Hn1A,07.07.2016
Ich Höre Stimmen Aus Dem Jenseits Im Still Here,https://www.youtube.com/watch?v=TfYvGN3CGIg,22.12.2019
Ich Kann Nicht Mehr Ich Packe Jetzt Aus,https://www.youtube.com/watch?v=6GTASfjpq_A,15.12.2018
Ight,https://www.youtube.com/watch?v=uSBh_VJUy10,24.02.2018
Ihre Seele Lebt In Diesem Spiel,https://www.youtube.com/watch?v=BbfBnd4M97U,23.12.2019
Im Mmladen Gefurzt Life In The Woods Gronkh,https://www.youtube.com/watch?v=Tg9CNQDoUkM,25.03.2016
Immortals Fenyx Rising,https://www.youtube.com/watch?v=pJNNXCJlyNo,10.09.2020
Immortals Of Aveum™,https://www.youtube.com/watch?v=7kGLvA7joxY,13.09.2023
In Sound Mind,https://www.youtube.com/watch?v=BfbSWxVeOww,15.06.2020
In The Dark The Blind Can See Der Blinde Vater,https://www.youtube.com/watch?v=tpP1yOLmRkI,09.04.2013
Indiana Jones And The Great Circle,https://www.youtube.com/watch?v=XONCCUxHGxo,13.12.2024
Indie,https://www.youtube.com/watch?v=GAxrTgetl2A,08.07.2013
Indika,https://www.youtube.com/watch?v=uz-U9pGlRok,29.02.2024
Industria,https://www.youtube.com/watch?v=HTpPYrQQ7pY,01.12.2021
Infamou,https://www.youtube.com/watch?v=VDDHKOFnW78,02.04.2014
Infamous,https://www.youtube.com/watch?v=5LJSRDCSYFo,17.04.2014
Infamous 2,https://www.youtube.com/watch?v=NgZq1qKr5to,11.08.2014
Infamous 2: Festival Of Blood,https://www.youtube.com/watch?v=AH3fq7OGa2s,18.09.2014
Infamous: Second Son,https://www.youtube.com/watch?v=cX9h0QVb7bg,22.03.2014
Infected,https://www.youtube.com/watch?v=Hhu2Yn6eQ24,19.04.2014
Info: Umfrage Zum Kommn Rpg Vlog,https://www.youtube.com/watch?v=83MNIVxAaEQ,17.04.2014
Inmost,https://www.youtube.com/watch?v=niBGALaepcA,15.06.2021
Inmost 7: Gestohlenes Leben,https://www.youtube.com/watch?v=yTVbhMkj5Xg,21.06.2021
Inside,https://www.youtube.com/watch?v=GaQsihlrEps,16.08.2016
Inteamwork Dead By Daylight 064 Gronkh,https://www.youtube.com/watch?v=iJap3I3VmL8,12.10.2016
Intermezzo: 1Oo Run Auf Belagerung 1 Doom: The Dark Ages,https://www.youtube.com/watch?v=arhvWNybV0Q,29.05.2025
Internet Cafe & Supermarket Simulator 2024,https://www.youtube.com/watch?v=BtIG6pUAMxA,25.07.2024
Internet Cafe Evolution,https://www.youtube.com/watch?v=Mq-G0LVWhRQ,28.02.2024
Internet Cafe Simulator 2,https://www.youtube.com/watch?v=Xz5yIh3mOI8,21.03.2022
Into The Dead: Our Darkest Days,https://www.youtube.com/watch?v=KoSvDzxacUU,20.04.2025
Inzoi,https://www.youtube.com/watch?v=1B_nNmUUfpU,11.08.2024
It Takes Two,https://www.youtube.com/watch?v=ai8-Jw8IgJE,15.06.2021
Jenny Leclue Ein Erster Blick Aufs Point Click Lets Jenny Leclue,https://www.youtube.com/watch?v=0hMicsTV3C0,28.05.2015
Journey To The Savage Planet,https://www.youtube.com/watch?v=td1Zpec592E,12.02.2020
Journey To The Savage Planet Haben Sie Heute Ihre Miete Schon Gezahlt Mit Tobi,https://www.youtube.com/watch?v=td1Zpec592E,12.02.2020
Just Cause 3,https://www.youtube.com/watch?v=OAKxDEVwo-k,26.11.2015
Just Cause 4,https://www.youtube.com/watch?v=MvqtlU0bYkk,30.11.2018
Ka Ta Stro Phe Beim Bau Hwsq Constructionsimulator 2015,https://www.youtube.com/watch?v=UuqS5uf_6pM,26.06.2019
Kackwurstbumerang Hwsq Skribblio,https://www.youtube.com/watch?v=e6lOizA3E-4,06.07.2019
Karma: The Dark World,https://www.youtube.com/watch?v=CWu1u26Boxw,16.11.2024
Kartenflut Tut Selten Gut Mett 003 Uno Flip,https://www.youtube.com/watch?v=7onfjMfYvSI,24.03.2020
Kebab Chefs,https://www.youtube.com/watch?v=dkOE9SoUiBA,01.05.2024
Kellerharry Auf Dem Golfplatz Hwsq Golf It,https://www.youtube.com/watch?v=YgGl_gvyn44,27.11.2018
Ken Follett's The Pillars Of The Earth,https://www.youtube.com/watch?v=TQMKjyS-AEw,02.08.2017
Kevin Allein Im Knast Hwsq 122 Sea Of Thieves 08,https://www.youtube.com/watch?v=3NbOrABsauY,24.03.2018
Kill The Dragon,https://www.youtube.com/watch?v=g3fIu_wfx2w,24.01.2022
King's Quest,https://www.youtube.com/watch?v=KFNzKoGwCUA,30.07.2015
Kingdom Come: Deliverance,https://www.youtube.com/watch?v=wNyWkKkktKM,02.02.2018
Kingdom Come: Deliverance 25H Gameplay,https://www.youtube.com/watch?v=wNyWkKkktKM,02.02.2018
Kingdom Come: Deliverance Alpha 01 Tech Kingdom Come: Delieverance,https://www.youtube.com/watch?v=u4JUG60wRHU,25.10.2014
Kingdom Come: Deliverance Ii,https://www.youtube.com/watch?v=mFp90mAG22c,13.02.2025
Kingdom Hearts 3,https://www.youtube.com/watch?v=k45-UeGUX_w,04.03.2019
Kingdoms Of Amalur,https://www.youtube.com/watch?v=pNCL2-_ld8g,17.04.2014
Kingdoms Of Amalur Der Tod Steht Ihr Gut Kingdoms Of Amalur,https://www.youtube.com/watch?v=pNCL2-_ld8g,17.04.2014
Kingdoms Reborn,https://www.youtube.com/watch?v=osJP1Ebnr3M,16.11.2020
Kleines Special: Video Games Collection,https://www.youtube.com/watch?v=v2MYO_T9Jzg,17.07.2010
Kobolok,https://www.youtube.com/watch?v=ELXthH2zLiw,09.11.2021
Kunst Oder Kacki Hwsq 132 Skribblio,https://www.youtube.com/watch?v=7pmJiXa5-5k,13.04.2018
Kurz Knapp Präzise Was Ist Pasirt 002,https://www.youtube.com/watch?v=REy-eW3SIJM,14.12.2018
Köppe Flexen Hwsq Headsnatchers,https://www.youtube.com/watch?v=N4Tl7mV4yZs,02.07.2019
Landwirtschaftsimulator 2011,https://www.youtube.com/watch?v=_th-7m0LQ8U,21.12.2010
Last Day Of June,https://www.youtube.com/watch?v=EvFnMqe0MqU,08.09.2017
Last Man Standing,https://www.youtube.com/watch?v=Nc1k97VCKkQ,01.03.2013
Last Man Standing 2 Am 30112013 Um 18 Uhr,https://www.youtube.com/watch?v=LmfWPb8fQK8,18.11.2013
Late Shift,https://www.youtube.com/watch?v=mtOYhjps880,05.11.2017
Lauf Zombie Lauf Communitymaps Hwsq Ben Ed,https://www.youtube.com/watch?v=UZvM8jAYvQo,15.09.2017
Layers Of Fear,https://www.youtube.com/watch?v=HzUUZyd_1oU,18.02.2016
Layers Of Fear 2 (2019),https://www.youtube.com/watch?v=L07Pl80dm6E,27.05.2019
Layers Of Fear: Inheritance,https://www.youtube.com/watch?v=7zgbogb_pzQ,03.08.2016
Leage Of Legends Hwsq: Trigger Party,https://www.youtube.com/watch?v=vqlWHP0IiUE,03.09.2017
Leck Mich Ich Versteck Mich Home Sweet Home Horror,https://www.youtube.com/watch?v=sbUYj5sF3qs,22.01.2017
Left 4 Dead,https://www.youtube.com/watch?v=tcUSb6yQ21Y,18.02.2013
Left 4 Dead 2,https://www.youtube.com/watch?v=9Wy7LfpQaD0,20.03.2013
Left 4 Dead 2 Death Aboard Ii,https://www.youtube.com/watch?v=naIADc_GzJk,26.03.2013
Left 4 Dead 2 Deathcraft Ii,https://www.youtube.com/watch?v=q5CN7t516cU,24.02.2013
Left 4 Dead 2 Deathcraft Ii Insel Der Letzten Hoffnung,https://www.youtube.com/watch?v=YlJC6dCrTlk,28.02.2013
Left 4 Dead 2: Deathcraft Ii,https://www.youtube.com/watch?v=tcUSb6yQ21Y,18.02.2013
Left 4 Dead 2: Silent Hill,https://www.youtube.com/watch?v=aRhmXRY_Bw8,12.03.2013
Legend Of Kyrandia,https://www.youtube.com/watch?v=wLLsD1RG3vE,26.05.2010
Legend Of Kyrandia 1,https://www.youtube.com/watch?v=jJY-VooNku0,24.05.2010
Legend Of Kyrandia 2: Hand Of Fate,https://www.youtube.com/watch?v=d3djXFchXAk,21.06.2010
Legendary,https://www.youtube.com/watch?v=CeOODRPShEY,15.12.2010
Lets,https://www.youtube.com/watch?v=YF2cCDNUg2w,15.11.2010
Lets Adventure Homesick,https://www.youtube.com/watch?v=u6aqumJMpJQ,30.05.2015
Lets Adventure Tomb Raider,https://www.youtube.com/watch?v=MeQt3RvuEMM,15.09.2015
Lets Create Die Sims 3,https://www.youtube.com/watch?v=j8b-qokdEso,31.10.2011
Lets Create Die Sims 3 Kaltherz Seelenfrost,https://www.youtube.com/watch?v=j8b-qokdEso,31.10.2011
Lets Create Die Sims 3 Mister Bones,https://www.youtube.com/watch?v=fNJ8RaxaKYg,11.11.2011
Lets Fear Monstrum,https://www.youtube.com/watch?v=V5umQTDkZB0,31.01.2015
Lets Find Larry,https://www.youtube.com/watch?v=6iYGQ2J9FfA,08.04.2024
Lets Horror Among The Sleep,https://www.youtube.com/watch?v=Dmj51-EFUns,15.05.2013
Lets R,https://www.youtube.com/watch?v=YOTHUmBuXos,20.12.2012
Lets Read,https://www.youtube.com/watch?v=7ZbNfoXN6Hc,24.12.2013
Lets Read Es Gibt Doch Einen Weihnachtsmann,https://www.youtube.com/watch?v=-25nSjC_kJ4,23.12.2014
Lets Retro,https://www.youtube.com/watch?v=FlegXNybCAA,06.09.2012
Lets Retro Monkey Island 4,https://www.youtube.com/watch?v=Di5tSxW7iPI,24.11.2012
Lets Retro Monkey Island 4 Affiges Credits,https://www.youtube.com/watch?v=4mbUFso9ntw,07.01.2013
Lets Retro Sam Max Hit The Road,https://www.youtube.com/watch?v=Vsv-7rDf3CQ,24.09.2012
Lets Rpg Risen 3,https://www.youtube.com/watch?v=gbRr4NMhJFY,31.01.2015
Lets Rutsch In Richtung 2012,https://www.youtube.com/watch?v=JpW5CyW8OVU,31.12.2011
Lets Rutsch In Richtung 2015,https://www.youtube.com/watch?v=sG9U8VLiulY,02.01.2015
Lets Rutsch In Richtung 2016,https://www.youtube.com/watch?v=nJZgjxQnSyo,31.12.2015
Lets Show Minecraft,https://www.youtube.com/watch?v=cE40si99wII,16.10.2010
Lets Show Minecraft Der Beginn Eines Neuen Kapitels,https://www.youtube.com/watch?v=SNULx4RJMMY,06.01.2011
Lets Show Minecraft Die Entstehung Einer Welt,https://www.youtube.com/watch?v=yJgJqqgQMTQ,12.02.2011
Lets Show Minecraft Teil,https://www.youtube.com/watch?v=UR88RjYpYrg,27.01.2015
Lets Survive The Forest,https://www.youtube.com/watch?v=u0eRznN36cY,31.01.2015
Lets The Witcher 3,https://www.youtube.com/watch?v=oI020ktIaVA,03.05.2015
Lets Wimmel Angst,https://www.youtube.com/watch?v=nzRJy6Z6p7I,28.04.2015
Lets Wimmel Grim Tales 7,https://www.youtube.com/watch?v=E8FZsPGOHj4,05.03.2015
Lets Wimmel Grim Tales 8,https://www.youtube.com/watch?v=_eaDYJcRxGM,17.08.2015
Letzter Livestream Vor Dem Abflug: 2 Zuhälter Ziehen Nach La,https://www.youtube.com/watch?v=jZQU70F-WNc,16.05.2014
Lex Mortis,https://www.youtube.com/watch?v=vsDeMY-Zhxg,11.02.2015
Liars Bar,https://www.youtube.com/watch?v=ZjiegCAMJno,11.11.2024
Life In The Woods,https://www.youtube.com/watch?v=ZqrXclgsAk4,15.02.2016
Life In The Woods Alles Auf Anfang Minecraft,https://www.youtube.com/watch?v=ZqrXclgsAk4,15.02.2016
Life Is Strange 2,https://www.youtube.com/watch?v=AYcWkILdP-4,25.09.2018
Life Is Strange 2 15H,https://www.youtube.com/watch?v=PHW7q-d8Mj8,09.09.2018
Life Is Strange 2 Sehet Bey Hellem Licht Der Flammen Den Willen Gottes,https://www.youtube.com/watch?v=oVf_Dgg2Cbw,01.09.2019
Life Is Strange 2 Und Plötzlich War Es Winter,https://www.youtube.com/watch?v=wdX5OCchpT0,25.01.2019
Life Is Strange: Before The Storm,https://www.youtube.com/watch?v=FUd9wTtpPeo,31.08.2017
Life Is Strange: Before The Storm 1 Von 2,https://www.youtube.com/watch?v=uCG3JibBwVI,04.08.2017
Life Is Strange: Double Exposure,https://www.youtube.com/watch?v=cU3lLg8wNYI,19.11.2024
Life Is Strange: True Colors,https://www.youtube.com/watch?v=yh-WbALx9HA,09.09.2021
Lifeguard Da Liegt Scheiße Am Strand,https://www.youtube.com/watch?v=xzPc68EJjBY,25.02.2015
Limbo,https://www.youtube.com/watch?v=3yQde3Y0-pc,09.10.2012
Liminalcore,https://www.youtube.com/watch?v=dAMaZ1QXzH0,13.11.2024
Little Hope,https://www.youtube.com/watch?v=pvyKeAUEPQg,22.04.2021
"Little Kitty, Big City",https://www.youtube.com/watch?v=_qG_7U3jnw0,12.07.2023
Little Misfortune,https://www.youtube.com/watch?v=3Rfh3xWtocw,19.09.2019
Little Nightmares,https://www.youtube.com/watch?v=fxtL3QtmJi8,03.10.2016
Little Nightmares 2 Teil,https://www.youtube.com/watch?v=rzq3K-5CBtY,21.04.2017
Litw,https://www.youtube.com/watch?v=kWT_iu5xMi0,14.11.2016
Litw Gronkh,https://www.youtube.com/watch?v=YDkKiyUlwVQ,19.06.2016
Live,https://www.youtube.com/watch?v=Vp7n8Wcmexk,23.12.2014
Live Lpt Albino Lullaby,https://www.youtube.com/watch?v=hNep9oaBvgs,03.11.2015
Livestrea,https://www.youtube.com/watch?v=XsbTrBnpF98,15.06.2012
Livestream,https://www.youtube.com/watch?v=09VJAh90lNE,21.11.2012
Livestream : Am 11012013 Um 18 Uhr Auf Http:gronkhtv,https://www.youtube.com/watch?v=WelkybtndNI,10.01.2013
Livestream : Am 18012013 Um 18 Uhr Auf Http:gronkhtv,https://www.youtube.com/watch?v=vmEKAwFQLmE,18.01.2013
Livestream : Am 21122012 Um 18 Uhr Auf Http:gronkhtv,https://www.youtube.com/watch?v=h6481uLWwh8,19.12.2012
Livestream Am,https://www.youtube.com/watch?v=Tg9exTo6QOQ,05.07.2012
Livestream Am 09112012 Um 18 Uhr Sagt Laas Unltd Und Der Weiß Das,https://www.youtube.com/watch?v=BFP9pSsERyQ,07.11.2012
Livestream Am 12042013 Um 18 Uhr Auf Http:gronkhtv,https://www.youtube.com/watch?v=bV0j06tQ-RY,10.04.2013
Livestream Am 14092012 Um 18 Uhr Mit Commander Krieger No Homo :D,https://www.youtube.com/watch?v=YNVCTP5WUZk,12.09.2012
Livestream Am 1506 Um 18 Uhr Auf Gronkhtv,https://www.youtube.com/watch?v=XsbTrBnpF98,15.06.2012
Livestream Am 16112012 Um 18 Uhr Mit Äh Spontaner Gewalt,https://www.youtube.com/watch?v=YNrGKJXzHTk,15.11.2012
Livestream Am 28092012 Um 18 Uhr Mit Outtakes,https://www.youtube.com/watch?v=LVoOCMNSvEc,26.09.2012
Livestream: Together Jeden Freitag 18:00 Uhr,https://www.youtube.com/watch?v=U8jZxqBlB4o,22.06.2012
Liveström Heute Um 18 Uhr Gehts Wieder Los,https://www.youtube.com/watch?v=M_AIyncVUto,26.09.2014
Lollipop Chainsaw,https://www.youtube.com/watch?v=h-HEyGLOlKo,13.09.2012
Loom Vga Talkie,https://www.youtube.com/watch?v=f_waP2H7tk0,07.05.2010
Loop 86 Hello Hello I See You Hello,https://www.youtube.com/watch?v=cWOB77AG7dI,31.01.2022
Looterkings,https://www.youtube.com/watch?v=hyC2EsENaTk,11.09.2016
Lost And Found Co.,https://www.youtube.com/watch?v=LP98loPTr_g,24.07.2024
Lost Ember Kickstarter Prealpha,https://www.youtube.com/watch?v=zXaaSVKGQc4,12.10.2016
Lost In Random,https://www.youtube.com/watch?v=JeKPOcQWSEo,27.09.2021
Lost In Vivo,https://www.youtube.com/watch?v=s-Bor-Ej94I,13.11.2019
Lpt,https://www.youtube.com/watch?v=idrkpbMmS-I,15.08.2014
Lpt Community Bash Minecraft Hunger Games,https://www.youtube.com/watch?v=Fm4uAq3k_-k,30.01.2013
Lpt Ist Wieder Da Livestream Ab 18:00 Mit Gronkh Sarazar Coolen Gästen,https://www.youtube.com/watch?v=idrkpbMmS-I,15.08.2014
Lpt Livestream Super Profi Racing Trailer Heute Mit Heideltraut,https://www.youtube.com/watch?v=zO-y1NDWIVA,29.08.2014
Lucius,https://www.youtube.com/watch?v=t8BKnAGI6bQ,23.10.2012
Lucius Feuriges Finale,https://www.youtube.com/watch?v=chpNRCv8Z9M,10.11.2012
Lucius Ii,https://www.youtube.com/watch?v=3HU9wwrDtSg,14.02.2015
Luss Gronkh,https://www.youtube.com/watch?v=CngM6w5UpWg,02.08.2016
Madison,https://www.youtube.com/watch?v=8cqK3JjyBds,25.12.2022
Mafia 3 Gronkh,https://www.youtube.com/watch?v=HitubRi4PJs,07.10.2016
Majin And The Forsaken Kingdom,https://www.youtube.com/watch?v=mkuc0ig0Kqs,16.12.2012
Making Of Bunkerbewohner Hwsq Fallout 76,https://www.youtube.com/watch?v=6IRkV9yczKA,16.11.2018
Man I Hate That Indie Game,https://www.youtube.com/watch?v=TEzCxFbc6G4,15.01.2015
Man Of Medan,https://www.youtube.com/watch?v=0SOxe5kvhKA,01.09.2019
Man Of Medan 001 Menno Medan Im Multiplayer: Der Horror Beginnt Im Menü,https://www.youtube.com/watch?v=0SOxe5kvhKA,01.09.2019
Maniac,https://www.youtube.com/watch?v=4lMfgWhHbok,07.04.2024
Manic Digger,https://www.youtube.com/watch?v=chQjS3vUbE0,07.01.2011
Manor Lords,https://www.youtube.com/watch?v=_mmRsnufW6s,22.04.2024
Marie's Room,https://www.youtube.com/watch?v=OMtaVt6_Cmg,12.05.2018
Mario Kart 8,https://www.youtube.com/watch?v=YwMroKU7KYY,25.10.2017
Martha Is Dead,https://www.youtube.com/watch?v=bZWCGyLJJRU,04.11.2021
Marvin's Mittens,https://www.youtube.com/watch?v=TFYU3gYxKeU,20.12.2014
Maskulin Hwsq Mount Your Friends 3D,https://www.youtube.com/watch?v=zUjzf9kH2JU,23.05.2019
Max Payne,https://www.youtube.com/watch?v=n5D4jMiqPVs,22.09.2011
Max Payne 1,https://www.youtube.com/watch?v=RMPZfozV4pE,05.12.2010
Max Payne 2,https://www.youtube.com/watch?v=-r1TX1y5GuA,07.10.2011
Max Payne 2 Unhappy End Credits,https://www.youtube.com/watch?v=ABNoB2A8Gho,03.11.2011
Max Payne 3,https://www.youtube.com/watch?v=aqmf6Rp_BrM,21.06.2012
Medieval Dynasty,https://www.youtube.com/watch?v=l1Z5IWjIVVg,30.10.2020
Mei Vadda Was A Rolling Stone Hwsq Rock Of Ages Ii,https://www.youtube.com/watch?v=hqgHQdCCJmk,05.09.2017
Mein Erstes Mal Mit Rick Kavanian Auf Dem Roten Teppich Dungeons Dragons Premiere Vlog,https://www.youtube.com/watch?v=NrOWEjynkDw,26.03.2023
Mein Job Ich,https://www.youtube.com/watch?v=BWf0GSehbyI,03.11.2023
Meine Selfies Sind Der Satan Madison,https://www.youtube.com/watch?v=vl92aA0qIy4,03.12.2019
Mensch Ärgere Dich Nicht,https://www.youtube.com/watch?v=NgYD4OUNX_U,26.12.2017
Metro Exodus,https://www.youtube.com/watch?v=-huGgV_2cAI,14.02.2019
Metro: Last Light,https://www.youtube.com/watch?v=HgbP278PAW0,12.05.2013
Mett 01: Skribblio,https://www.youtube.com/watch?v=tlBQmX1xYeA,28.04.2024
Mett Monopoly,https://www.youtube.com/watch?v=-ylKwALsTcw,26.03.2020
Mett Stadt Land Fluss,https://www.youtube.com/watch?v=Rf0dpzfEd7I,08.05.2025
Mett Stadt Land Fluss : Mit Coronaimpfung Gestorben Dr Coldwell Ist Sich Sicher,https://www.youtube.com/watch?v=5Jt3zPiDrEI,10.05.2025
Mett Stadt Land Fluss : Stadt Land Ausfluss,https://www.youtube.com/watch?v=Rf0dpzfEd7I,08.05.2025
Miasmata,https://www.youtube.com/watch?v=-9skAACwRjA,02.12.2012
Mickey Maus Hart Auf Fentanyl Bad Cheese,https://www.youtube.com/watch?v=u9hN077ub_g,19.04.2025
Mikado Zieh Fremder Hwsq 194,https://www.youtube.com/watch?v=ar10tQA4jFQ,17.08.2018
Milky Boobs: Die Moderne Form Der Kastration,https://www.youtube.com/watch?v=gHfbXB2Cp7w,01.07.2018
Minderheiten Tobi Hwsq Speedrunners,https://www.youtube.com/watch?v=Gy5CfnQqe4A,24.03.2019
Mindlock - The Apartment,https://www.youtube.com/watch?v=EkthpB6DFEI,12.11.2024
Mindlock The Apartment,https://www.youtube.com/watch?v=3jjLPjwyUIk,09.07.2025
Minecraft,https://www.youtube.com/watch?v=DM52HxaLK-Y,19.10.2010
Minecraft 9,https://www.youtube.com/watch?v=YRq26CLCi-Y,27.04.2013
Minecraft Craft Attack 12,https://www.youtube.com/watch?v=6egrGdDGm88,27.11.2024
Minecraft Litw,https://www.youtube.com/watch?v=bc1_K3jh9GI,22.12.2016
Minecraft Litw Gronkh,https://www.youtube.com/watch?v=YDkKiyUlwVQ,19.06.2016
Minecraft Maps Wrath Of The Fallen Minecraft Adventure Maps,https://www.youtube.com/watch?v=kGm_BM40nas,01.05.2013
Minecraft Turm Steht Rest Fehlt,https://www.youtube.com/watch?v=YvSL1_cxTpE,02.08.2014
Minecraft: After Humans,https://www.youtube.com/watch?v=tyPCspxuSF8,15.08.2017
Minecraft: Story Mode - A Telltale Games Series,https://www.youtube.com/watch?v=vu4KL-ZFwvU,14.10.2015
Mirror Is The Krmblfxjhrrrrgh Hwsq Curious Cases,https://www.youtube.com/watch?v=Ke6OHy_xo68,02.06.2019
Mirthwood,https://www.youtube.com/watch?v=8GgFiMiuQsc,20.06.2024
Miside,https://www.youtube.com/watch?v=PCH8vNbY7kU,04.10.2023
Missing: An Interactive Thriller - Episode One,https://www.youtube.com/watch?v=-k8xJGAPmGQ,28.05.2015
Mist Survival,https://www.youtube.com/watch?v=4ypO2ONoAxY,08.09.2018
Mists Of Pandaria,https://www.youtube.com/watch?v=UXonepSWNKA,25.09.2012
Mit Dem Hammer Durch Die Kammer Life In The Woods Gronkh,https://www.youtube.com/watch?v=QfuDgfBQjLo,02.10.2016
Mit Jan Böhmermann Game Royale 2,https://www.youtube.com/watch?v=MgsmBfMPkTA,16.12.2016
Mitgenommen Prey Alien Event Mit Ulmen Deadpool,https://www.youtube.com/watch?v=3jANnEwEM_Q,13.05.2017
Mittelerde: Mordors Schatten,https://www.youtube.com/watch?v=6Eoh5Ndxnb0,30.09.2014
Mittelerde: Mordors Schatten Größenwahn Mittelerde,https://www.youtube.com/watch?v=J9OrpyQFACE,06.10.2014
Mittelerde: Schatten Des Krieges,https://www.youtube.com/watch?v=YmURpYCV6Qo,10.08.2017
Monkey Island,https://www.youtube.com/watch?v=ALZXF5i9IgQ,08.04.2011
Monkey Island 1,https://www.youtube.com/watch?v=s59OqCDQxMY,08.07.2010
Monkey Island 1 Das Intro Die Scummbar,https://www.youtube.com/watch?v=s59OqCDQxMY,08.07.2010
Monkey Island 1 The Secret Of Monkey Island Monkey Island Longplay,https://www.youtube.com/watch?v=mtRxcBZJz0I,05.05.2013
Monkey Island 2,https://www.youtube.com/watch?v=odTvEGqvReQ,26.08.2010
Monkey Island 2 Lechucks Revenge Monkey Island 2 Longplay,https://www.youtube.com/watch?v=RkpG4FoszBQ,29.06.2013
Monkey Island 3,https://www.youtube.com/watch?v=28Ol7R7XXtI,23.04.2011
Monkey Island 3 Der Treibsand Und Herr Blondbart,https://www.youtube.com/watch?v=F0Yy-A7Jcag,03.06.2011
Monkey Island 3 Weitere Grafikfehler Ahoy,https://www.youtube.com/watch?v=Y19snxRX7JU,24.05.2011
Monopoly,https://www.youtube.com/watch?v=I-fEtiuddwE,13.05.2018
Moons Of Madness,https://www.youtube.com/watch?v=E17xnKwCVxo,23.10.2019
Morde Aus Menschlichkeit The Turing Test Gronkh,https://www.youtube.com/watch?v=3VzogM_BWR0,13.10.2016
Mordors Schatten,https://www.youtube.com/watch?v=Hlo8bHSapW4,07.10.2014
Mortal Kombat 11,https://www.youtube.com/watch?v=JIlFmiIOfqE,11.02.2019
Mother Simulator,https://www.youtube.com/watch?v=OmW29FU3Axg,22.10.2023
Mount Your Friends 3D,https://www.youtube.com/watch?v=k3_7f6GfpHY,06.03.2018
Murderous Pursuits,https://www.youtube.com/watch?v=9jhGZdEldoI,07.05.2018
Mutter Hat Mein Spiel Versteckt Das,https://www.youtube.com/watch?v=lkB5Ctlxcr0,27.01.2018
Müllabfuhr Simulator 2008,https://www.youtube.com/watch?v=h98rimCIpQg,08.05.2010
N Dishonored 2,https://www.youtube.com/watch?v=8W3xybcjRN0,13.02.2017
N Starbound,https://www.youtube.com/watch?v=rwfAdWtyVXE,14.01.2015
N The Turing Test Gronkh,https://www.youtube.com/watch?v=Fdp_Cq3vyqs,05.10.2016
Nana In The Dark,https://www.youtube.com/watch?v=4OGDz0yr0Fw,03.01.2018
Nerd Simulator,https://www.youtube.com/watch?v=TOQQe8X0hl8,14.05.2025
Neue Regeln Ich Hasse Alles An Uno Hwsq 089 Uno,https://www.youtube.com/watch?v=uKkGZ8DkT7w,17.01.2018
Neuer Gamemode Füll Den Pott Hwsq Witch It,https://www.youtube.com/watch?v=p3sOrQIn_1Y,06.12.2018
Neulich In Der Bar Ich Suche Keinen Stress Aber Der Stress Sucht Mich,https://www.youtube.com/watch?v=NzhY4J09G0M,29.10.2020
Neulich: Gronkh Sarazar Bei Tv Total,https://www.youtube.com/watch?v=jW7rFpyX9So,21.10.2013
Neverwinter,https://www.youtube.com/watch?v=lsCs05UEjd8,02.05.2013
Neverwinter Mmorpg,https://www.youtube.com/watch?v=PjOmvT5pdm0,08.07.2013
Ngen,https://www.youtube.com/watch?v=Xlouo9YdttI,24.11.2011
Ni No Kuni,https://www.youtube.com/watch?v=3sgKZgf0Q-c,16.07.2017
Ni No Kuni 2 : Bossfights,https://www.youtube.com/watch?v=6CkZAPcp2us,13.08.2017
Nice Day For Fishing,https://www.youtube.com/watch?v=6GWBTxpHFIQ,17.05.2025
Nicolas Cage Simulator 2018 Goty Directors Extd Master Platinum Cut Edition All Endings,https://www.youtube.com/watch?v=CBHeHk93Xn0,10.01.2018
Nier:automata™,https://www.youtube.com/watch?v=9uiWQ5UXbZ0,09.03.2017
Night Club Simulator,https://www.youtube.com/watch?v=YeLGUccJi9Q,22.04.2025
Nightmare House,https://www.youtube.com/watch?v=-FahNNox5fE,24.07.2012
Nightmare House 1,https://www.youtube.com/watch?v=v7akewfjcl8,13.08.2012
Nightmare House 2,https://www.youtube.com/watch?v=coe6a5GC3Xk,22.07.2012
Nightslink,https://www.youtube.com/watch?v=e527EsZyE-g,21.12.2021
No Man's Sky,https://www.youtube.com/watch?v=xGGs_5W_0no,10.08.2016
No Rest For The Wicked,https://www.youtube.com/watch?v=WmBFvS_Ob9U,11.03.2024
Nobody Wants To Die,https://www.youtube.com/watch?v=UKKjpHBYRsY,20.07.2024
Nuclear Blaze,https://www.youtube.com/watch?v=JV04_Oh8BBU,11.11.2021
Nur Mal Ganz Kurz Eben Was Ist Pasirt 001,https://www.youtube.com/watch?v=G1CIvHsar-4,07.12.2018
Observation,https://www.youtube.com/watch?v=bXjLuff7e7k,09.06.2019
Of Orcs And Men,https://www.youtube.com/watch?v=3YMoWz7amXg,11.10.2012
Ohjemine Der Knusperhund Verfolgt Mich Lets Trash Crispy Puppy,https://www.youtube.com/watch?v=C3OfCB2Xazg,14.10.2023
Ominöse Aboexplosion Politik Nachspiel Live,https://www.youtube.com/watch?v=NuXUu1MnlC8,26.12.2014
Omno,https://www.youtube.com/watch?v=mAXDQFdY_Ks,23.12.2021
One Late Night Horror,https://www.youtube.com/watch?v=f0ZkKyEf-io,07.07.2013
One Late Night Indie Horror,https://www.youtube.com/watch?v=yQoCzBSc_x8,26.04.2013
One Late Night Tyrannenkacksaumobbingoma One Late Night Indie Horror,https://www.youtube.com/watch?v=lz7uSF1YiXI,02.05.2013
One Late Night Vital Im Alter One Late Night Horror,https://www.youtube.com/watch?v=P7aqSa360K0,13.07.2013
Onksventure,https://www.youtube.com/watch?v=drfrqHdXIps,25.07.2016
Onksventure Carazar Fanservice Und Ein Happy Ending,https://www.youtube.com/watch?v=ePSCskYnEfY,29.07.2016
Ori And The Blind Forest,https://www.youtube.com/watch?v=tRDTtwSV344,18.03.2015
Outcast - A New Beginning,https://www.youtube.com/watch?v=aqMdJNjpRgA,01.03.2024
Outlast,https://www.youtube.com/watch?v=c5hlfzcVLhY,05.09.2013
Outlast 2,https://www.youtube.com/watch?v=UrclcCWydb8,24.04.2017
Outlast 2 Absturz In Die Sündenhölle,https://www.youtube.com/watch?v=UrclcCWydb8,24.04.2017
Outlast 2 Heil Satanas,https://www.youtube.com/watch?v=YK6T_mnB_A8,15.06.2016
Outlast: Whistleblower Dlc,https://www.youtube.com/watch?v=lsu-1GwAERQ,07.05.2014
Overcooked 2,https://www.youtube.com/watch?v=9N1fc5jeRcc,11.08.2018
Overkills The Walking Dead Machts Gut Und Danke Für Den Fisch Hwsq 219,https://www.youtube.com/watch?v=tqgIjYl_QWg,19.10.2018
Overtime Kollegen Sind Der Wahre Horror,https://www.youtube.com/watch?v=LYOdBJjlYzA,01.02.2022
Pacific Drive,https://www.youtube.com/watch?v=wGSrGJ9n-r8,22.02.2024
Paketdienst Simulator,https://www.youtube.com/watch?v=dcO_vU6Str8,16.08.2012
Paketdienst Simulator Du Bist Geliefert,https://www.youtube.com/watch?v=dcO_vU6Str8,16.08.2012
Palworld,https://www.youtube.com/watch?v=7SoOOOdjnbE,23.01.2024
Paradigm Alpha,https://www.youtube.com/watch?v=OBPdIH50INw,18.10.2014
Paranormal,https://www.youtube.com/watch?v=XkryD2dcmH0,11.11.2012
Paranormal Hinab In Den Keller,https://www.youtube.com/watch?v=a09WpGkjjxs,15.11.2012
Paranormal Hk,https://www.youtube.com/watch?v=TteRvby9Ess,27.06.2020
Paratopic,https://www.youtube.com/watch?v=HaNi0lXaMAI,29.11.2019
Park Beyond,https://www.youtube.com/watch?v=zg5wP0pYgwY,13.05.2023
Penetrante Party Pupser Hwsq Party Panic,https://www.youtube.com/watch?v=h0gwBay0V8k,26.08.2017
Permafrost,https://www.youtube.com/watch?v=xCMxOiJ_SJ8,16.04.2025
Phasmophobia,https://www.youtube.com/watch?v=r_lpKNo47-4,08.10.2020
Pico Park 2,https://www.youtube.com/watch?v=ZXmCI7zwfgQ,15.11.2024
Pillars Of Eternity,https://www.youtube.com/watch?v=PMG_pyodOPw,20.08.2014
Pillars Of Eternity Erkundung Und Erste Kämpfe Eternity,https://www.youtube.com/watch?v=stV6ebnV8b8,22.08.2014
Pinstripe,https://www.youtube.com/watch?v=fWdgXVFjNho,07.07.2018
Pioneers Of Pagonia,https://www.youtube.com/watch?v=h27uEm54-4s,03.11.2023
Polizei Hubschrauber Simulator,https://www.youtube.com/watch?v=7VRfp4-Iq_c,24.12.2018
Polizeistaat Mit Suchtpotential Eriksholm Überrascht,https://www.youtube.com/watch?v=GjhwFNW4JuU,06.07.2025
Pony Island Gronkh,https://www.youtube.com/watch?v=suUD7lls1Dg,14.05.2016
Pools,https://www.youtube.com/watch?v=_6HCH6A6rHk,07.05.2024
Popoloch Pogo Update Hwsq Ben Ed: Blood Party,https://www.youtube.com/watch?v=FuN-L-HutA0,03.10.2017
Postal: Brain Damaged,https://www.youtube.com/watch?v=pXZZqa05P94,08.11.2021
Potentia,https://www.youtube.com/watch?v=C9-2SYszPDQ,04.07.2023
Press Any Button,https://www.youtube.com/watch?v=gHCXBObBs7c,17.08.2021
Prey,https://www.youtube.com/watch?v=ZMGJHKWPKJw,21.02.2012
Prey 2017,https://www.youtube.com/watch?v=4NRnnKxyphA,15.02.2017
Prey Deine Ganze Existenz Ist Eine Lüge,https://www.youtube.com/watch?v=UOY1_p0icH0,10.05.2017
Prey Der Anfang Vom,https://www.youtube.com/watch?v=ZMGJHKWPKJw,21.02.2012
Priest Simulator: Vampire Show,https://www.youtube.com/watch?v=b-DdoFj_iUs,24.04.2022
Prim,https://www.youtube.com/watch?v=HY27B2CVelc,26.10.2024
Project: Mist,https://www.youtube.com/watch?v=y-mBH77BbZs,29.11.2024
Ps5 Simulator Lets Tu So Als Ob Du Ne Ps5 Bekommst,https://www.youtube.com/watch?v=5Th894DwB9U,01.02.2022
Psych,https://www.youtube.com/watch?v=7VYMwySndb0,10.11.2021
Pt Silent Hills,https://www.youtube.com/watch?v=YhmmYa-7yZU,14.08.2014
Pt Silent Hills Wach Auf,https://www.youtube.com/watch?v=YhmmYa-7yZU,14.08.2014
Pubg: Zombie Mode,https://www.youtube.com/watch?v=It9dpd994GU,31.10.2017
Puke Simulator Für Singles Mit Niveau,https://www.youtube.com/watch?v=0G94gq13pXg,15.06.2018
Pumping Simulator,https://www.youtube.com/watch?v=OC8n6AS2_RY,29.09.2021
Pumpkin Days,https://www.youtube.com/watch?v=qfQrzLOm3r8,14.08.2019
Punch Club 2: Fast Forward,https://www.youtube.com/watch?v=yVaUmkZmk0E,16.06.2023
Punch Club Rund,https://www.youtube.com/watch?v=3ty2AfBnEY0,08.02.2016
Punch Club Runde,https://www.youtube.com/watch?v=04MkojBJ81U,11.01.2016
Qt,https://www.youtube.com/watch?v=GHa8iwsDnYs,06.11.2019
Questerium: Sinister Trinity Hd Collector's Edition,https://www.youtube.com/watch?v=-W4j0yeEvO0,14.06.2023
R.e.p.o.,https://www.youtube.com/watch?v=vvxDAZbdqA0,10.04.2025
Raft,https://www.youtube.com/watch?v=yuXwDOsy1rE,04.03.2022
"Ranch Simulator: Build, Hunt, Farm",https://www.youtube.com/watch?v=E83c7nnxI_c,26.03.2021
Really Scary Uuuuuuh Wie Gruuuhuuuselig,https://www.youtube.com/watch?v=9T0IPlxVNtY,03.01.2015
Red Dead Redemption 2,https://www.youtube.com/watch?v=pl4BmMdbEhk,26.10.2018
Redrum 2,https://www.youtube.com/watch?v=nMVMBQ5Ob1Q,12.01.2018
Reign Of Kings,https://www.youtube.com/watch?v=AYj2OmBZYqs,13.03.2015
Reka,https://www.youtube.com/watch?v=AcDwLzPrgdU,07.08.2024
Remake,https://www.youtube.com/watch?v=NfMeDJEcDdU,07.04.2020
Reminder Battle Shield Lpt Special Mit Gronkh Sarazar Am 4 Mai Zum Peace Bedin Day,https://www.youtube.com/watch?v=OoKee1Z1o1c,04.05.2014
Rental,https://www.youtube.com/watch?v=J0EbVXDngb0,06.04.2024
Resident Evil 7,https://www.youtube.com/watch?v=Lz1xxfATnsQ,08.12.2016
Resident Evil 7 Dlcs,https://www.youtube.com/watch?v=ihyBLsd4Plc,22.02.2017
Resident Evil 7 Home Sweet Home Gronkh,https://www.youtube.com/watch?v=CWu_KlvNU_A,17.06.2016
Resident Evil Village,https://www.youtube.com/watch?v=lJiA6h9YCS0,07.05.2021
Resident Evil Village - Winters’ Expansion,https://www.youtube.com/watch?v=sqkTJv3zn44,26.11.2022
Return Of The Tentacle,https://www.youtube.com/watch?v=DaoDedGGuMg,28.07.2018
Return To Monkey Island,https://www.youtube.com/watch?v=TuV4e_sESF8,29.11.2022
Return To Monkey Island 25: Das Geheimnis Und Das Wahre Geheimnis Von Monkey Island,https://www.youtube.com/watch?v=riY1iP7XnlY,27.12.2022
Returnal Wieder Und Wieder Und Wiedergeburt 45 Mins Infos,https://www.youtube.com/watch?v=YecToTG99wc,28.04.2021
Reup,https://www.youtube.com/watch?v=DMdwvxNnEjU,07.05.2010
Rides With Strangers,https://www.youtube.com/watch?v=eE_t38A1FqU,06.02.2016
Rides With Strangers Der Geile Psychofummelpriester,https://www.youtube.com/watch?v=eE_t38A1FqU,06.02.2016
Rides With Strangers Lass Mich Dein Weihwasser Schlürfen,https://www.youtube.com/watch?v=CRPiP5NgCKU,07.02.2016
Risen,https://www.youtube.com/watch?v=acA11BLE1_4,04.04.2012
Risen 2,https://www.youtube.com/watch?v=sr6Y3X8BYME,20.04.2012
Risen 2 Dlcs,https://www.youtube.com/watch?v=-_X9ZnX-jFc,19.08.2012
Risen 3,https://www.youtube.com/watch?v=DU_Xjgru_pY,23.05.2014
Risen 3 Gute Geschichten Beginnen Mit Dem Tod Risen 3,https://www.youtube.com/watch?v=s6soy6NpmpA,04.09.2014
Risen Hd,https://www.youtube.com/watch?v=ZEU-RE8isaM,04.11.2011
Robinson: The Journey,https://www.youtube.com/watch?v=x7IVLMvwkss,14.10.2016
Robinson: The Journey Deine Mutter Mag Minigames,https://www.youtube.com/watch?v=URxAOpe-vWA,19.10.2016
Robocop: Rogue City,https://www.youtube.com/watch?v=C1O2TAw1hVE,18.10.2023
Rock Star Life Simulator,https://www.youtube.com/watch?v=qaoc8iRiovY,10.11.2023
Rollige Rockstars Hwsq Rock Of Ages Ii,https://www.youtube.com/watch?v=u1ET6qxaZ9w,07.09.2017
Routine,https://www.youtube.com/watch?v=iuF3AJTHvw4,18.03.2022
Runes Of Magic,https://www.youtube.com/watch?v=k_l90gAbFFU,12.05.2010
Rust,https://www.youtube.com/watch?v=SB-o78f_9Kk,23.01.2014
Rust Alles Wieder Wech Staffelfinale Rust,https://www.youtube.com/watch?v=Tc_b3o0qze8,02.03.2014
Rust Nacktes Überleben Rust,https://www.youtube.com/watch?v=SB-o78f_9Kk,23.01.2014
Sacrifice,https://www.youtube.com/watch?v=lLFQgG2n1ck,07.08.2017
Saints Row Iv,https://www.youtube.com/watch?v=eLL3l5CnZoM,20.08.2013
Saints Row Iv Das Des Zinimperiums Saints Row Iv,https://www.youtube.com/watch?v=rFxqRBK9EOk,17.10.2013
Santa Rockstar Hd,https://www.youtube.com/watch?v=mkf4T2bbEkQ,23.12.2012
Satisfactory,https://www.youtube.com/watch?v=liei_zM5d9M,20.03.2019
Say No! More,https://www.youtube.com/watch?v=JDsSKQalKUI,12.08.2021
Schedule I: Free Sample,https://www.youtube.com/watch?v=9kH9eZnAGqE,11.04.2025
Schim,https://www.youtube.com/watch?v=6OFdIHf4Qro,10.08.2024
Schwing Den Pinsel Hwsq 159 Skribblio,https://www.youtube.com/watch?v=Fjnjz0emWAU,06.06.2018
Schwitzeln Beim Kritzeln Hwsq Skribblio,https://www.youtube.com/watch?v=5cgT375W6Yo,19.09.2017
Schöne Bescherung,https://www.youtube.com/watch?v=ARJ_eYN9c2U,25.12.2018
Scorn,https://www.youtube.com/watch?v=NLHxOe6wFB4,14.11.2022
Scorn 12: Transznzen Konsequenzen,https://www.youtube.com/watch?v=t-fOPML7vlY,25.11.2022
Scorn Alpha,https://www.youtube.com/watch?v=SaFu8qhFY9A,01.12.2017
Scp087,https://www.youtube.com/watch?v=dbOPnB0KOpQ,30.06.2012
Scp087b,https://www.youtube.com/watch?v=g4ja1TOZT3Q,16.07.2012
Scrap Mechanic,https://www.youtube.com/watch?v=xcz4MCGvcnQ,07.02.2016
Scum,https://www.youtube.com/watch?v=uXwKutlzfTk,06.09.2018
Secret Special Grand Theft Auto La Familia,https://www.youtube.com/watch?v=WyU-n9vLhA8,02.06.2010
Security Booth: Director's Cut,https://www.youtube.com/watch?v=F_b7mjWmCwI,28.01.2022
Sehrlive: Sehr Ominöse Ankündigung,https://www.youtube.com/watch?v=Kqk18wfE5qE,01.12.2015
Sen,https://www.youtube.com/watch?v=wzEYpbH6bOw,28.11.2019
Shadow Of The Tomb Raider,https://www.youtube.com/watch?v=gwtIX1BkjzU,10.09.2018
Shadow Of War,https://www.youtube.com/watch?v=QpxizYv8bOE,11.10.2017
Shadow Of War Fünf Gegen Willi,https://www.youtube.com/watch?v=QOnwYwsb1kg,29.11.2017
Shellshock Live,https://www.youtube.com/watch?v=4rl7mtUvGBY,15.04.2018
Shift Happens,https://www.youtube.com/watch?v=yh5OtzQV7Y0,13.05.2016
Shooterking Animierte Version,https://www.youtube.com/watch?v=YSUZYQH-gEk,07.05.2016
Sie Wandelt Im Dunkeln Home Sweet Home Horror,https://www.youtube.com/watch?v=oYJ6IbHnKgs,21.01.2017
Sie Will Süßes Menschenfleisch,https://www.youtube.com/watch?v=p4Ck_onXGUQ,07.05.2020
Sie Wird Leider Sterben Little Misfortune,https://www.youtube.com/watch?v=kKC_kJ6ePok,30.04.2019
Silence,https://www.youtube.com/watch?v=NJD-wSf6XSw,13.11.2016
Silent Hill 2,https://www.youtube.com/watch?v=-uzdN2wOwXI,08.10.2024
Silver Chains,https://www.youtube.com/watch?v=1BTjIloXsjM,05.08.2019
Sim City,https://www.youtube.com/watch?v=jnJWf-77BQI,06.04.2013
Simpler Times,https://www.youtube.com/watch?v=vDVhkkNXmb4,08.11.2023
Sims 4,https://www.youtube.com/watch?v=XMCapTzAiTA,27.09.2014
Sims 4 Gähn Wir Heut Zum Jahrmarkt,https://www.youtube.com/watch?v=gDQpRcs5qSA,03.12.2017
Sims 4 Tränenmond Schlömpel Kinderbuchautorin,https://www.youtube.com/watch?v=z_cSQGudgjA,28.09.2014
Sims 4: Create A Sim,https://www.youtube.com/watch?v=_4kW0oYJMaM,09.07.2014
Sims 4: Create A Sim Ihr Name Ist Leg Sims 4,https://www.youtube.com/watch?v=_4kW0oYJMaM,09.07.2014
Sims 4: Create A Sim Ihr Spitzname Ist Schlampi,https://www.youtube.com/watch?v=7wCzdAOMNcg,02.12.2014
Sims 4: Hwsq,https://www.youtube.com/watch?v=WY6caXp0Lsw,24.06.2018
Sims 4: Hwsq Spüre Meine Influenz,https://www.youtube.com/watch?v=cnt5p35VZow,18.11.2018
Simulator,https://www.youtube.com/watch?v=z4dnUHzVK9A,20.12.2017
Singularity,https://www.youtube.com/watch?v=SvVIXwnaY8s,25.06.2010
Singularity 4: Demichev Du Hund,https://www.youtube.com/watch?v=hqRD9gktPhk,05.08.2010
Skribblio,https://www.youtube.com/watch?v=ev6BhUUS14I,31.08.2018
Skyrim 2020,https://www.youtube.com/watch?v=rgBCWkqpzVk,31.08.2020
Skyrim 2020 Die Horde Rennt: Das Abgeschworenenmassaker,https://www.youtube.com/watch?v=jdOFi6cOTaU,25.07.2020
Slay The Princess — The Pristine Cut,https://www.youtube.com/watch?v=536GOeqdwZw,01.09.2023
Slr,https://www.youtube.com/watch?v=Y0noFhiUh1U,21.07.2012
Snippet E3samson Livesynchro,https://www.youtube.com/watch?v=Ee8-J2thscw,12.06.2017
So Gut Wie Tot Minecraft Life Gronkh,https://www.youtube.com/watch?v=9ob5BEBl5Ak,01.06.2016
Soma,https://www.youtube.com/watch?v=2ZopO6jd_iA,02.10.2015
Someday You'll Return,https://www.youtube.com/watch?v=IFc-SgZ8wsI,09.05.2020
Sommer Spiele Festival Tag,https://www.youtube.com/watch?v=QMe5NMKtAYQ,07.06.2024
Sons Of The Forest,https://www.youtube.com/watch?v=JRZRCC7MuVc,24.02.2023
Soul Street,https://www.youtube.com/watch?v=ZrZWrnsnelM,22.01.2024
South Park 2,https://www.youtube.com/watch?v=JYExtZRX6sc,16.10.2017
South Park Fractured But Whole Prealpha Gameplay,https://www.youtube.com/watch?v=EpGXK6raSxk,17.08.2016
South Park: Stab Der Wahrheit,https://www.youtube.com/watch?v=7TL02DA5MZM,04.03.2014
Sparrow,https://www.youtube.com/watch?v=ZTFC26lHrkA,28.11.2024
Special Für 200 Abonnenten Silberblick: Das Beste,https://www.youtube.com/watch?v=30u83NKwvNo,27.05.2010
Speedrunners,https://www.youtube.com/watch?v=T_WMcLPmGzg,03.05.2018
Spiderman,https://www.youtube.com/watch?v=NAUNywTUftY,09.09.2018
Spiel Des Lebens,https://www.youtube.com/watch?v=x4JTyHz-5f0,21.05.2018
Spielesause Showcase Trailershow Mit Gronkh Phunk Royal,https://www.youtube.com/watch?v=33wUOEwtc6Q,01.11.2021
Split Fiction,https://www.youtube.com/watch?v=ui1Z2lXyaGQ,10.03.2025
Stadt Land Ausfluss,https://www.youtube.com/watch?v=uvAq5U9uemc,01.01.2018
Stadt Land Ausfluss Gronkh,https://www.youtube.com/watch?v=AHfCox06Aag,08.08.2016
Stadt Land Ausfluss Hwsq Stadt Land Fluss,https://www.youtube.com/watch?v=qXiKNFpAFuc,12.06.2019
Stadt Land Fluss,https://www.youtube.com/watch?v=eVd1npoUEfY,14.08.2017
Stadt Land Fluss Gronkh,https://www.youtube.com/watch?v=g4lBPARzRkM,29.06.2016
Stairs,https://www.youtube.com/watch?v=2itVMF0iX-w,11.11.2015
Star Birds,https://www.youtube.com/watch?v=BOhOmqsvc78,20.08.2024
"Star Wars™ Battlefront Ii (Classic, 2005)",https://www.youtube.com/watch?v=XI6qX-KJa90,24.08.2017
Starbound,https://www.youtube.com/watch?v=ZgoiVEDH_JU,08.12.2013
Starbound Die Geißel Ist Zurück Starbound,https://www.youtube.com/watch?v=O3uSOvmHl34,17.12.2014
Stardew Valley,https://www.youtube.com/watch?v=-dE1xZsTbPc,28.02.2016
Starfield,https://www.youtube.com/watch?v=lRJ1yZ2fCdY,31.08.2023
Staxel,https://www.youtube.com/watch?v=UjVzdQKaqfw,22.01.2018
Stick Fight,https://www.youtube.com/watch?v=Lu535mEglvY,10.03.2018
Still Wakes The Deep,https://www.youtube.com/watch?v=-XmMWF3xSVc,09.07.2024
Stoneshard Alpha Kleine Kickstarter,https://www.youtube.com/watch?v=cIftFUTchsE,11.06.2018
Stories Untold,https://www.youtube.com/watch?v=DcGLrj4mDCk,06.03.2017
Storyteller,https://www.youtube.com/watch?v=OGtFXDNDgyA,09.11.2023
Stranded Deep,https://www.youtube.com/watch?v=DIs2Ts_g7sY,26.01.2015
Stray,https://www.youtube.com/watch?v=UOZ_zvBpJiY,26.07.2022
Stray Cat Crossing,https://www.youtube.com/watch?v=Vag1pLkJvMI,03.11.2015
Stray Souls,https://www.youtube.com/watch?v=PZf1Ngxjll8,23.11.2023
Streamer Life Simulator 2,https://www.youtube.com/watch?v=tBpyU-6lTwE,30.01.2025
Streets Of Fury Ex,https://www.youtube.com/watch?v=pxBCp0IXTO0,26.06.2015
Subway Midnight,https://www.youtube.com/watch?v=Ra6kh1dUayg,03.02.2022
Suite 776,https://www.youtube.com/watch?v=XC9clvq8Qko,01.05.2020
Summer Of '58,https://www.youtube.com/watch?v=FyZELK4nKJg,03.09.2021
Super Seducer,https://www.youtube.com/watch?v=qNAC3rlCy-E,23.03.2018
Superhomies Nepal Vlog Fremde Welt,https://www.youtube.com/watch?v=ZS7-oEtsHmQ,13.10.2014
Supermarket Simulator,https://www.youtube.com/watch?v=T2APywi_4gA,17.03.2024
Survival: Fountain Of Youth,https://www.youtube.com/watch?v=g5V8xhLCAzg,16.01.2024
Svet The Light Es Werde Licht Svet The Light Indie Adventure,https://www.youtube.com/watch?v=ytdXSkFZ2QY,11.04.2013
Svet The Light Es Werde Noch Mehr Licht Svet The Light Indie Adventure,https://www.youtube.com/watch?v=BvVGR6T4qS4,04.07.2013
Swords 'N Magic And Stuff,https://www.youtube.com/watch?v=wdBJtTqc0-Y,21.10.2020
Tankeschön Nachts Inne Tanke,https://www.youtube.com/watch?v=IT6rzKIw2Wg,05.05.2020
Tasty Blue,https://www.youtube.com/watch?v=ang55i9wrGw,26.02.2015
Tchia,https://www.youtube.com/watch?v=Tea7H12u7Mo,09.04.2024
Team Lpt Live Von Der Gamescom,https://www.youtube.com/watch?v=InwV822hjm0,18.08.2016
Team Ttt Auf Tötungstour White Noise 2,https://www.youtube.com/watch?v=MmiLU2PR6vo,06.04.2017
Tell Me Why,https://www.youtube.com/watch?v=mD0vKCNulso,30.08.2020
Terasology,https://www.youtube.com/watch?v=H3qItsrpceY,19.07.2012
Texas Chainsaw Verkacker Hwsq Doof By Daylight,https://www.youtube.com/watch?v=yuRCtGwrq18,23.09.2017
Thank Goodness You're Here!,https://www.youtube.com/watch?v=nLvsc06G7hk,24.08.2024
That Dragon Cancer,https://www.youtube.com/watch?v=Pz2ejbeVl1o,13.01.2016
Thats You,https://www.youtube.com/watch?v=8tx3bUOpssE,24.02.2018
The Alters,https://www.youtube.com/watch?v=7kjfYFRstJE,23.06.2024
The Amazing Spiderman 2 Holt Das Ungezieferspray Spiderman,https://www.youtube.com/watch?v=X8ZR6wAPRxM,01.05.2014
The Awesome Adventures Of Captain Spirit,https://www.youtube.com/watch?v=nFDMFytZ6Rk,26.06.2018
The Beast Inside Kickstarter,https://www.youtube.com/watch?v=tODZc7K_R9s,22.02.2018
The Bridge Curse 2: The Extrication,https://www.youtube.com/watch?v=3azdfd3u9qY,22.11.2023
The Bunker,https://www.youtube.com/watch?v=hATsIN00uE0,02.11.2016
The Corridor,https://www.youtube.com/watch?v=7HqygXJmklE,29.08.2012
The Division 2,https://www.youtube.com/watch?v=RstLmHqaKR0,16.03.2019
The Division 2 Tobi Und Erik Retten Die Welt,https://www.youtube.com/watch?v=RstLmHqaKR0,16.03.2019
The Elder Scrolls Legends Feat Pete Hines Kartenkurs Für Einen Anfänger,https://www.youtube.com/watch?v=TE9ycmRC9n4,11.09.2016
The Elder Scrolls V: Skyrim Special Edition,https://www.youtube.com/watch?v=xYHIcp4auV8,31.12.2019
The Escapists,https://www.youtube.com/watch?v=tWzN35l4Sh4,14.02.2015
The Escapists Geile Knastschwestern Live,https://www.youtube.com/watch?v=tWzN35l4Sh4,14.02.2015
The Evil Withi,https://www.youtube.com/watch?v=Jl-azLCNRyA,19.06.2017
The Evil Within,https://www.youtube.com/watch?v=o2fIQexipaE,11.08.2014
The Evil Within 2,https://www.youtube.com/watch?v=mI6fYblUWW0,19.09.2017
The Evil Within 2 Liebe Opfer Arschloch,https://www.youtube.com/watch?v=89eltKUZNqo,28.11.2017
The Evil Within 2 Seine Tochter War Alles,https://www.youtube.com/watch?v=EvyB7d6tLUc,13.10.2017
The Evil Within Patch 103: Alles Fett Im Pöter Freunde,https://www.youtube.com/watch?v=HoYayTWpf_g,19.12.2014
The Evil Within: The,https://www.youtube.com/watch?v=Ot7LdYk0Hg8,28.06.2017
The Evil Within: The Consequence,https://www.youtube.com/watch?v=3sy7NoeWr-c,15.07.2017
The Exit 8,https://www.youtube.com/watch?v=GXIXZvJ3Lr4,03.01.2024
The Expendables 2,https://www.youtube.com/watch?v=hAEGdMmkBNs,11.09.2012
The Forest,https://www.youtube.com/watch?v=KS12fYYAfoY,31.05.2014
The Forest 3 Die Rotier Faust Des Shaolin The Forest,https://www.youtube.com/watch?v=BZeFmYUKi_0,27.09.2014
The Forest Die Tiefe Höhle Des Muschiklaus,https://www.youtube.com/watch?v=7uJHh5PyHJQ,20.02.2015
The Forest Durchgespielt: Flucht Von Der Insel,https://www.youtube.com/watch?v=IHRr6gPbRVg,04.03.2015
The Forest Niemand Hat Die Absicht Eine Mauer Zu Errichten Reup,https://www.youtube.com/watch?v=pBibnD2CMBE,04.08.2015
The Forest Psychosenbrüdaz Geisterhauz Lets Survive The Forest,https://www.youtube.com/watch?v=ehpiDHQW-d4,12.05.2015
The Headliners,https://www.youtube.com/watch?v=Zq4_hLZli1E,12.05.2025
The Hospital Hilfe Meine Ex Benimmt Sich Komisch,https://www.youtube.com/watch?v=dRQBE8mRSjY,20.03.2022
The Inner World,https://www.youtube.com/watch?v=bpwRJoXD9Bw,08.07.2013
The Inner World - The Last Wind Monk,https://www.youtube.com/watch?v=iR4PvzJpMc8,11.10.2024
The Invincible,https://www.youtube.com/watch?v=6n8XzzC_F-M,01.12.2023
The Kids We Were,https://www.youtube.com/watch?v=66d0plSrM-A,03.07.2023
The Last Exterminator,https://www.youtube.com/watch?v=k2b2exud_Q4,15.11.2023
The Last Guardian,https://www.youtube.com/watch?v=mf0Pt-HlG78,17.11.2016
The Last Of Us,https://www.youtube.com/watch?v=ugn-eJk-Sw8,01.04.2020
The Last Of Us 2,https://www.youtube.com/watch?v=94Yvv-K03d0,18.06.2020
The Last Of Us 2 60: Unsere Schwersten Kämpfe Führen Wir Gegen Uns Selbst,https://www.youtube.com/watch?v=Wgx0jNTGrdk,16.08.2020
The Little Acre,https://www.youtube.com/watch?v=rQzD8OLkK-U,21.08.2021
The Long Dark,https://www.youtube.com/watch?v=Yo2L7FYAn4M,23.09.2014
The Long Journey Home,https://www.youtube.com/watch?v=D5tA3FwzBWI,27.05.2017
The Medium,https://www.youtube.com/watch?v=7mkpI9qZaAA,29.01.2021
The Midnight Walk,https://www.youtube.com/watch?v=C-2QCzgyPbc,29.05.2025
The Mirror Lied Flieg Kleines Vögelchen,https://www.youtube.com/watch?v=XweIN951r7Y,22.08.2014
The Mortuary Assistant,https://www.youtube.com/watch?v=j6_yfqIXogc,18.08.2022
The Night Of The Rabbit,https://www.youtube.com/watch?v=bMmfxBv5dD0,04.06.2013
The Order: 1886,https://www.youtube.com/watch?v=1XfxPP820WU,20.02.2015
The Parasites,https://www.youtube.com/watch?v=9F6mN-rPp9k,01.10.2024
The Park®,https://www.youtube.com/watch?v=FKpP2VqCcLQ,28.10.2015
The Plan Nur Fliegen Ist Schöner,https://www.youtube.com/watch?v=itopfB2pSMc,07.04.2013
The Return Of Kim Jong Körri Hwsq 137 Broken Ground,https://www.youtube.com/watch?v=AxAaam0ySs0,23.04.2018
The Shattering,https://www.youtube.com/watch?v=Tyv52WsLYoE,22.04.2020
The Shattering 2018 Exklusive,https://www.youtube.com/watch?v=U4vU5oItSHI,03.09.2016
The Silver Lining 1 Kings Quest Ix: Die Einführung,https://www.youtube.com/watch?v=klGuimtlO-g,12.07.2010
The Suicide Of Rachel Foster,https://www.youtube.com/watch?v=LC4tSwUxmhY,20.02.2020
The Town Of Light,https://www.youtube.com/watch?v=ieS8TyUM4LY,22.03.2016
The Turing Test Gronkh,https://www.youtube.com/watch?v=Fdp_Cq3vyqs,05.10.2016
The Uncertain Gronkh,https://www.youtube.com/watch?v=MYasz-IosEU,14.10.2016
The Vanishing Of Ethan Carter,https://www.youtube.com/watch?v=VN0WcbDscj8,17.09.2014
The Vanishing Of Ethan Carter Unglaublicher Augenschmaus,https://www.youtube.com/watch?v=VN0WcbDscj8,17.09.2014
The Void Between,https://www.youtube.com/watch?v=vlAXXl03WnU,18.11.2024
The War Z,https://www.youtube.com/watch?v=PaXLI8Pnc9M,04.11.2012
The Whispered World,https://www.youtube.com/watch?v=4siwcP3Mg5g,25.01.2014
The Whispered World Mit Den Clowns Kamen Die Tränen,https://www.youtube.com/watch?v=4siwcP3Mg5g,25.01.2014
The Witcher 3,https://www.youtube.com/watch?v=2EbMoPjTY9s,14.05.2015
The Wolf Among Us,https://www.youtube.com/watch?v=PeGNkAudkV8,12.10.2013
The Wolf Among Us Blut Und Knochen The Wolf Among Us,https://www.youtube.com/watch?v=_yUbEVD9qA0,28.05.2014
The Wolf Among Us Der Große Böse Wolf The Wolf Among Us,https://www.youtube.com/watch?v=PeGNkAudkV8,12.10.2013
The Works Of Mercy Prealpha Gronkh,https://www.youtube.com/watch?v=h4Fad9p22TQ,27.09.2016
There Is No Game: Wrong Dimension,https://www.youtube.com/watch?v=LDdpRhL15Fk,23.05.2021
They Are Here: Alien Abduction Horror,https://www.youtube.com/watch?v=-jNKbvoOUX4,08.11.2021
Thief,https://www.youtube.com/watch?v=8gXnl5iv6Ik,23.02.2014
Thief 2014,https://www.youtube.com/watch?v=XuB3z3wIwRM,26.02.2014
Thief 4,https://www.youtube.com/watch?v=o8akJrXF1Yw,15.03.2014
Thimbleweed Park,https://www.youtube.com/watch?v=jqDBfg0FWI0,01.02.2017
Titty Crush,https://www.youtube.com/watch?v=aK5s4YcN-dw,10.05.2018
To The Moon,https://www.youtube.com/watch?v=WY5V57g5myw,05.08.2014
Togethe,https://www.youtube.com/watch?v=qABoN6tfzns,16.06.2012
Together Diablo 3,https://www.youtube.com/watch?v=ALui5NifoH4,15.05.2012
Together Dragons Prophet,https://www.youtube.com/watch?v=JTx483QSG7o,02.06.2013
Together Spontanter Livestream Shorty :D,https://www.youtube.com/watch?v=Fbvbgg72fow,11.04.2014
Together: Freitag Um 18:00 Uhr Live Inkl Schlechten Witzen,https://www.youtube.com/watch?v=wiCiOHjx98o,18.04.2014
Toilet Chronicles,https://www.youtube.com/watch?v=6ffBWgexiPI,15.08.2022
Toilet Management Simulator,https://www.youtube.com/watch?v=PJ79fcRBU-E,07.09.2021
Tokyo Dark,https://www.youtube.com/watch?v=N1GuK_qTJUc,05.03.2016
Tokyo Dark Sie Lächelt Immerzu,https://www.youtube.com/watch?v=N1GuK_qTJUc,05.03.2016
Tom The Postgirl,https://www.youtube.com/watch?v=LuAp8XEsXyw,19.06.2024
Torchlight,https://www.youtube.com/watch?v=9dofROThfIM,05.04.2010
Total Billiger Livestreamtrailer Sorry Waren Alle Feddich Heute :D,https://www.youtube.com/watch?v=kvSRu9gC-KY,12.09.2014
Totally Accurate Toilet Simulator Das Total Beschissene,https://www.youtube.com/watch?v=00dgAyYq7W0,23.07.2013
Travellers Rest,https://www.youtube.com/watch?v=GNW8r8JwocU,12.07.2024
Tricky Towers Multiplayer Tetris 2018 Hwsq 231,https://www.youtube.com/watch?v=kzcWK62-3Ps,14.11.2018
Trinkt Aus Piraten Yoohooo Hwsq 094 Sea Of Thieves 02,https://www.youtube.com/watch?v=oxbC8Xrbdec,27.01.2018
Tropico 5,https://www.youtube.com/watch?v=GqHdeNaNmzE,24.05.2014
Tropico 6,https://www.youtube.com/watch?v=YbxQGLoTna8,25.03.2019
Trouble In Terrorist Town,https://www.youtube.com/watch?v=amT0GmWrTeo,21.12.2016
Ttt Trouble In Terrorist Town,https://www.youtube.com/watch?v=z5ZjLQOR0Mg,29.12.2016
Ttt Trouble In Terrorist Town Titel Folgt,https://www.youtube.com/watch?v=sDLLxmSP_ps,03.02.2017
Tut Mir Leid Aber,https://www.youtube.com/watch?v=OwIzKMyksLU,25.08.2016
Tutorial: Wie Nutze Ich Die Playlist Logos,https://www.youtube.com/watch?v=x3uv2nDci8U,28.08.2010
Two Point Hospital,https://www.youtube.com/watch?v=tJjYnLiKNjA,29.08.2018
Two Point Museum,https://www.youtube.com/watch?v=7kGzE4XNuaY,10.03.2025
Ultimate Chicken Horse,https://www.youtube.com/watch?v=Y_q7s3nNl24,26.11.2017
Unboxing,https://www.youtube.com/watch?v=vlhEHso9pfU,24.07.2010
Unboxing Dragon Age: Origins Awakening Bücher,https://www.youtube.com/watch?v=vlhEHso9pfU,24.07.2010
Unboxing Starcraft Ii Collectors Edition,https://www.youtube.com/watch?v=Mhr7TzVvPxU,26.07.2010
Unfassbare Mutprobe Im Livestreamstudio,https://www.youtube.com/watch?v=Mvnb0d7isT4,02.05.2014
Ungewaschene Schwitzgriffel Hwsq 076 Hand Simulator,https://www.youtube.com/watch?v=yD_klHHrYqQ,22.12.2017
Unholy,https://www.youtube.com/watch?v=t9IkTBoeuy8,24.07.2023
Unmechanical,https://www.youtube.com/watch?v=tlV-90A8Xr4,18.09.2012
Uno,https://www.youtube.com/watch?v=SZSvswVWVLo,15.01.2018
Uno Flip,https://www.youtube.com/watch?v=lhCUuT0M4Ik,23.03.2020
Unpacking,https://www.youtube.com/watch?v=2R7zxj4K_es,10.12.2021
Until Dawn,https://www.youtube.com/watch?v=cts068Xt65o,26.08.2015
Until Dawn Ein Teenieschlachtfest Der Liebe Until Dawn,https://www.youtube.com/watch?v=cts068Xt65o,26.08.2015
Until Then,https://www.youtube.com/watch?v=POxx4pGYrV0,12.06.2024
Valiant Hearts,https://www.youtube.com/watch?v=jrqyksgKew0,24.06.2014
Valiant Hearts Keine Reue Valiant Hearts,https://www.youtube.com/watch?v=gZZvK5S8VN4,09.07.2014
Vampyr,https://www.youtube.com/watch?v=RgbKEjDo6-o,05.06.2018
Vergesst Uns Nicht Battlefield 1 Gronkh,https://www.youtube.com/watch?v=eEnHnmq5mGY,01.11.2016
Verlosung Unboxing Tomb Raider 20Th Anniversairy Collectors Edition,https://www.youtube.com/watch?v=2xtXnN5BPA8,10.11.2016
Versteck Dich Oder Ich Snack Dich Hwsq Depth,https://www.youtube.com/watch?v=OCOnoLCiGtM,06.06.2019
Video Blogger Story Gronkh,https://www.youtube.com/watch?v=jXQFQUrxzjY,03.07.2016
Vier Spacken Im Escape Room Hwsq Curious Cases,https://www.youtube.com/watch?v=qdWrcQof0JI,27.05.2019
Virginia,https://www.youtube.com/watch?v=8GXsJ4Cyvok,26.09.2016
Viva La Dirt League Das Spiel Zum Wahnsinn Nice Day For Fishing,https://www.youtube.com/watch?v=6GWBTxpHFIQ,17.05.2025
Vollga,https://www.youtube.com/watch?v=B4pU5tybFg8,05.08.2010
Vollgas: Full Throttle,https://www.youtube.com/watch?v=giTt77TN7X4,17.08.2010
Vollgas: Full Throttle Die Introduktion Der Hinterhalt,https://www.youtube.com/watch?v=B4pU5tybFg8,05.08.2010
Voxile,https://www.youtube.com/watch?v=yEg4r17vZQ4,25.02.2024
Vrchat,https://www.youtube.com/watch?v=45rAbinvwl0,09.11.2018
Wann Kommt Dbd Hwsq Ttt,https://www.youtube.com/watch?v=5jX3KI2TeT0,28.11.2018
Was Für Liebe Tieraaargh Aua Aaaaah Hwsq Zooicide,https://www.youtube.com/watch?v=mbqENnHrsB4,18.03.2019
Was Geht Ab 2018 Bisschen Blah Zum Neuen Jahr,https://www.youtube.com/watch?v=Y2VjXw7-4IA,10.01.2018
Was Soll Da Schon Passieren,https://www.youtube.com/watch?v=vPB14jtnP7M,02.09.2019
Watch Dogs: Legion,https://www.youtube.com/watch?v=KywTsXLbHrM,12.07.2020
Watchdogs 2,https://www.youtube.com/watch?v=riheFPBQNJE,23.09.2016
We Harvest Shadows,https://www.youtube.com/watch?v=iLxpRmFmRoQ,03.10.2024
Wegen Diesem Spiel Hat Mein Gehirn Gekündigt,https://www.youtube.com/watch?v=eTCMlGLEIg0,24.12.2019
Weihnachten In Der Karibik Hwsq Sea Of Thieves,https://www.youtube.com/watch?v=1RQhBQjNo80,24.12.2018
Welch Hoch Qualitatives Kackspiel Hwsq 136 Head Goal,https://www.youtube.com/watch?v=iIJA_e7ZHlY,21.04.2018
Welcome To Paradize,https://www.youtube.com/watch?v=27-XRkYgf-w,18.02.2024
Wenn Wir Golfen Kann Unser Verstand Fast Alles Hwsq 154 Golf It,https://www.youtube.com/watch?v=4s9kV5mncQ8,27.05.2018
Wer Macht Es Fürn Zehner Hwsq 107 Desolate,https://www.youtube.com/watch?v=OL6DZfSAs_U,22.02.2018
What Remains Of Edith Finch,https://www.youtube.com/watch?v=FP9k7uOEYmg,07.05.2017
Wheelchair Simulator,https://www.youtube.com/watch?v=bGab0Ucbpxk,23.07.2018
While We Wait Here,https://www.youtube.com/watch?v=nkBzhtZIYMA,12.11.2023
White Noise 2,https://www.youtube.com/watch?v=MmiLU2PR6vo,06.04.2017
Whos Gonna Get The Girl,https://www.youtube.com/watch?v=MQsw16RJy04,19.01.2015
Whos Gonna Get The Girl Ins Bett Mit Bernd Mcdonald,https://www.youtube.com/watch?v=oBEY-mN0BRI,21.01.2015
Whos Gonna Get The Girl Klonaufstand In Shemalehausen,https://www.youtube.com/watch?v=MQsw16RJy04,19.01.2015
Wie Er Halt Wieder Geübt Hat Hwsq Speedrunners,https://www.youtube.com/watch?v=E4xx7zulBG0,22.03.2019
Wie Man Freundschaften Zerstört Hwsq 078 Mensch Ärgere Dich Nicht,https://www.youtube.com/watch?v=NgYD4OUNX_U,26.12.2017
Wiedergeburt Des Nichts Outlast 2,https://www.youtube.com/watch?v=2yuSIwm2TmI,11.05.2017
Winter Survival,https://www.youtube.com/watch?v=ZYW5GryIhCI,16.03.2022
Witch It,https://www.youtube.com/watch?v=syl8h4oY5CY,14.12.2017
Witcher 3,https://www.youtube.com/watch?v=ivuxR12w5dw,29.09.2015
Witcher 3: Blood Wine,https://www.youtube.com/watch?v=cqzSZZxnhuI,26.05.2016
Witcher 4: The Wild Huhnt Hwsq 167 Shotgun Farmers,https://www.youtube.com/watch?v=9DlHCmF8-68,22.06.2018
Wolfenstei,https://www.youtube.com/watch?v=tuNUgofg-c4,29.05.2014
Wolfenstein 2,https://www.youtube.com/watch?v=arOpd1mJ2vI,12.01.2018
Wolfenstein 2 : Alternative Storylines Gameplay,https://www.youtube.com/watch?v=Zwo9-K6pOzQ,29.09.2017
Wolfenstein 2: The New Colossus,https://www.youtube.com/watch?v=Wcbo47sxN6c,27.07.2017
Wolfenstein: Old Blood,https://www.youtube.com/watch?v=A_lSg-WZArc,05.05.2015
Wolfenstein: The New Order,https://www.youtube.com/watch?v=-LSsi0qu2uM,21.05.2014
Wolfenstein: The New Order Zwei Himmelhunde Auf Dem Weg Zur Hölle,https://www.youtube.com/watch?v=-LSsi0qu2uM,21.05.2014
Wolfsrudel Und Hundstage Wirklich Guter Modus Hwsq Dead Realm,https://www.youtube.com/watch?v=xhFHLPX-_NE,15.10.2017
Woolfe The Redhood Diaries Gamescom 2014,https://www.youtube.com/watch?v=iLgREJq_lWo,22.08.2014
World,https://www.youtube.com/watch?v=x9XLTt4X3-o,05.07.2013
Wrap House Simulator,https://www.youtube.com/watch?v=vLq47c2BkAQ,25.05.2025
Wvp 2015: Die Rede Uncut,https://www.youtube.com/watch?v=zyOVIpkuLAU,21.06.2015
Xp Minecraft Litw,https://www.youtube.com/watch?v=DXk9gf9yxeM,13.08.2017
Yet Another Fantasy Title (Yaft),https://www.youtube.com/watch?v=opUa7tnI99A,12.03.2024
Zusammengeschissen Von Sgtrumpel,https://www.youtube.com/watch?v=z4BIjKTVLJ0,17.04.2016
Zwei Erektive Prachtbalken Stadt Land Vagina,https://www.youtube.com/watch?v=yTrRl35Ra_E,23.04.2016
Zwischen Sturm Und Schädeln Hwsq 121 Sea Of Thieves 07,https://www.youtube.com/watch?v=GYlj18MUnrg,22.03.2018
[Chilla's Art] Missing Children | 行方不明,https://www.youtube.com/watch?v=66YqjBlsXLs,21.09.2023
[Chilla's Art] Night Delivery | 例外配達,https://www.youtube.com/watch?v=nWTmTPv08aY,01.01.2022
[Chilla's Art] Night Security | 夜間警備,https://www.youtube.com/watch?v=nMfgLhLNfWc,13.09.2023
[Chilla's Art] Parasocial | パラソーシャル,https://www.youtube.com/watch?v=DEQJmBFztyI,03.11.2023
[Chilla's Art] Shinkansen 0 | 新幹線 0号,https://www.youtube.com/watch?v=EFjtT9r5af4,15.06.2024
[Chilla's Art] The Caregiver | 終焉介護,https://www.youtube.com/watch?v=jgVajGZ-1OA,27.12.2021
[Chilla's Art] The Closing Shift | 閉店事件,https://www.youtube.com/watch?v=9AvcKsHm9hQ,29.04.2022
[Chilla's Art] The Convenience Store | 夜勤事件,https://www.youtube.com/watch?v=unzEp-aLxbs,15.04.2020
[Chilla's Art] The Ghost Train | 幽霊列車,https://www.youtube.com/watch?v=ngcTNVd0g3g,15.01.2022
[Chilla's Art] The Karaoke | ヒトカラ🎤,https://www.youtube.com/watch?v=_5UUvi7ADPI,26.09.2023
[Chilla's Art] The Kidnap | 誘拐事件,https://www.youtube.com/watch?v=KgGurFoI6aE,29.11.2023
[Chilla's Art] The Night Way Home | 帰り道,https://www.youtube.com/watch?v=LeCvdWfDiKM,22.01.2022
[Chilla's Art] The Radio Station | 深夜放送,https://www.youtube.com/watch?v=fLCpcE8w_0o,06.01.2022
Äh Wat Forgotten School,https://www.youtube.com/watch?v=XfyQxyo-21w,02.12.2019
Ätsel,https://www.youtube.com/watch?v=smCYQMahjnQ,15.08.2015
Örgendwas Mit Wrestling Hwsq Skribblio,https://www.youtube.com/watch?v=G6AjTkonoSo,22.12.2018
Übergewichtig Unterbelichtet In Mamas Keller Eingerichtet Nerd Simulator,https://www.youtube.com/watch?v=TOQQe8X0hl8,14.05.2025
港詭實錄Paranormalhk,https://www.youtube.com/watch?v=_VClX5b7prE,21.06.2020
